Created date,Deal type,Agent key
2026-01-02T00:25:01.4648408+00:00,Seller,36898b0dae25979d
2026-01-05T15:23:55.9402545+00:00,Seller,731e788d86a1d67b
2026-01-05T22:20:03.7762197+00:00,Seller,acb53b6ba463ffb9
2026-01-06T17:50:01.5461917+00:00,Seller,0ca4f8ede3b39035
2026-01-30T18:28:02.8116921+00:00,Seller,
2026-01-31T01:35:59.8798573+00:00,Seller,0450b4abce0c95c7
2026-01-31T20:50:01.1024039+00:00,Seller,f37e17dc4a619d9a
2026-02-01T15:55:01.0121309+00:00,Seller,4a1f80cb2f24c2a3
2026-02-02T03:05:00.9436847+00:00,Seller,23c26981d9c92aab
2026-01-03T16:05:03.428754+00:00,Seller,2e964fb30628bf9f
2026-01-05T21:50:01.3754912+00:00,Seller,acb53b6ba463ffb9
2026-01-06T20:35:00.4096042+00:00,Seller,03c391aba98e4530
2026-01-07T03:25:03.1143181+00:00,Seller,fd68bb1ccc11f71f
2026-01-30T20:35:01.067865+00:00,Seller,e9e88b5fa2d9669b
2026-01-31T18:15:01.200816+00:00,Seller,a92dd7fd37079bc4
2026-02-01T12:55:01.6870023+00:00,Seller,18a0ada262fd107b
2026-02-01T18:30:03.1106762+00:00,Seller,3ce00a16aec050c4
2026-02-02T13:55:00.8334577+00:00,Seller,472df18ea1c2f84c
2026-02-02T15:05:01.4541036+00:00,Seller,14dbe9cef236eba3
2026-02-02T19:25:01.3318888+00:00,Seller,ed9136ddb4d3479a
2026-02-02T23:31:53.860062+00:00,Seller,7cc0b2478013f9cc
2026-01-07T15:15:01.3150957+00:00,Seller,fa222dbe17868e15
2026-01-07T18:45:05.1031933+00:00,Seller,30a57c3273e1852a
2026-01-08T16:15:09.131806+00:00,Seller,6d419ec412d0af6d
2026-01-09T00:58:37.9046294+00:00,Seller,ae8528fbb8f57e26
2026-01-06T22:20:03.7268941+00:00,Seller,5ddc6edecc338cff
2026-01-07T05:45:01.6106246+00:00,Seller,fa4f86294d81fb54
2026-01-07T16:55:01.3709664+00:00,Seller,df3a2e1333763388
2026-01-07T20:39:14.0310102+00:00,Seller,21af877d750d9fc3
2026-01-08T22:55:01.3257345+00:00,Seller,5ff83aa3288742ed
2026-02-03T14:35:01.4282902+00:00,Seller,9d9aa77919ff54e5
2026-02-03T15:45:02.307561+00:00,Seller,3dea3e9b562e00d2
2026-02-03T20:19:02.7894396+00:00,Seller,
2026-02-04T19:30:04.1097559+00:00,Seller,e53ff039c315551c
2026-02-02T05:25:03.4841982+00:00,Seller,0bc8dec95637e2f6
2026-02-02T14:25:01.31029+00:00,Seller,18a8d4275b628744
2026-02-02T15:30:03.7067178+00:00,Seller,737dc2ccf0277716
2026-02-02T22:35:00.8736958+00:00,Seller,08b88a103f2d3702
2026-02-05T19:31:09.8467612+00:00,Seller,3f3f47b492b3e7b4
2026-01-09T18:00:05.0704775+00:00,Seller,515355882496adb2
2026-01-09T21:06:44.9454839+00:00,Seller,eeb129cea0259d0a
2026-01-09T22:40:01.9886131+00:00,Seller,6ae8707d9f658706
2026-01-10T14:40:03.5534899+00:00,Seller,8d52111801e34449
2026-01-11T23:05:01.2200458+00:00,Seller,2b1e7dd9c8345fdb
2026-02-05T19:55:00.6423776+00:00,Seller,a014d12ab2f27e83
2026-02-06T01:25:02.8870972+00:00,Seller,47267c6c72871785
2026-02-06T15:15:01.0274925+00:00,Seller,19c88c4812974757
2026-02-07T16:00:02.6598538+00:00,Seller,f4ac5b2a7ff7a9c6
2026-02-08T15:20:02.6182493+00:00,Seller,1a2aab11de3696d3
2026-02-09T15:48:13.4433502+00:00,Seller,b1058cb6ee90c2ac
2026-02-10T16:00:04.5094044+00:00,Seller,b1d02a35cb51d822
2026-02-10T18:25:01.3440608+00:00,Seller,5bded0a81f570624
2026-02-10T23:20:14.5228396+00:00,Seller,be1c3ad467f01d3a
2026-02-11T06:50:02.2353679+00:00,Seller,67afff159908a530
2026-01-12T17:01:52.0460277+00:00,Seller,8a5f99c531eec478
2026-01-13T09:20:02.8678295+00:00,Seller,be3f0c61069895c5
2026-02-03T14:55:01.2472804+00:00,Seller,6f472c5c11f37c9f
2026-02-03T19:20:02.7232853+00:00,Seller,b8b922dfea752e82
2026-02-03T22:05:00.816961+00:00,Seller,01e6882c924bb461
2026-02-05T19:31:06.6607142+00:00,Seller,0c6c2f58a2f8e2dc
2026-02-05T19:31:13.1608208+00:00,Seller,ff1455440387d9d6
2026-01-09T15:35:35.3212441+00:00,Seller,abf477fd0dbe6dea
2026-01-09T19:20:04.0808708+00:00,Seller,77f5930625c1dade
2026-01-09T22:20:01.6013877+00:00,Seller,d57a4379e54b9a65
2026-01-10T12:10:01.8986176+00:00,Seller,5bd50601818f5703
2026-01-10T19:50:02.398605+00:00,Seller,389edd281bc6b730
2026-02-06T00:10:01.0096376+00:00,Seller,c9a942b98a3f0e24
2026-02-06T14:59:43.5556944+00:00,Seller,4b7865148dee4502
2026-02-07T15:25:01.1588559+00:00,Seller,2a8bc1bbbeae071c
2026-02-07T17:40:02.924579+00:00,Seller,48bbce1e7fa6f429
2026-02-08T18:25:00.9605001+00:00,Seller,bb35720e26f269ca
2026-02-09T16:31:56.5158488+00:00,Seller,9e117f2f4b44a99d
2026-02-10T16:49:01.8323197+00:00,Seller,4dff2f1911cc48de
2026-02-10T19:05:01.3777877+00:00,Seller,a50ab82619726b29
2026-02-11T01:32:14.3575933+00:00,Seller,7fbf4ea82311c84d
2026-01-12T05:05:01.3378711+00:00,Seller,7da825ce94252ec5
2026-01-12T19:54:26.2352056+00:00,Seller,2cd1c30f5e6bea25
2026-01-13T00:55:00.8898216+00:00,Seller,7efeb6cd98c0ae21
2026-01-13T18:10:01.0793154+00:00,Seller,45ae3f21c38d05c5
2026-02-11T16:15:03.236418+00:00,Seller,77f5930625c1dade
2026-02-11T20:02:58.8547946+00:00,Seller,c09cd966cb15d08a
2026-02-11T20:50:00.6172163+00:00,Seller,8f303171a553cce9
2026-01-13T19:10:01.7040162+00:00,Seller,11c2cd907055c107
2026-02-11T19:36:38.1963095+00:00,Seller,3cffe2595ae69267
2026-02-11T20:25:01.6113747+00:00,Seller,4697ceaa3acbe717
2026-02-12T20:55:01.9074791+00:00,Seller,cc7f200038506708
2026-02-13T00:50:03.4759465+00:00,Seller,37757f6e7d3bac30
2026-02-13T23:25:02.4062929+00:00,Seller,a7a4a2565b8b1049
2026-02-16T04:35:01.0541798+00:00,Seller,7042668a00d3ed46
2026-02-16T19:36:12.3769635+00:00,Seller,ad4bf132265f7b36
2026-02-16T23:05:02.4318351+00:00,Seller,d844ba4f60e06faa
2026-02-12T21:47:56.1420373+00:00,Seller,18a8d4275b628744
2026-02-13T21:07:54.371839+00:00,Seller,ad4bf132265f7b36
2026-02-15T17:35:01.2142958+00:00,Seller,19a20c2617fccff5
2026-02-16T16:17:27.8294394+00:00,Seller,9b98c9678bf2ee69
2026-01-14T17:42:06.6044244+00:00,Seller,1250b17fb0567cb9
2026-01-14T22:00:01.3946983+00:00,Seller,8e7b4ecb914994ed
2026-01-15T13:25:01.1291013+00:00,Seller,e2017000970bbf72
2026-01-15T17:05:01.0669033+00:00,Seller,c2bd310743d1b6d3
2026-02-16T19:44:42.413368+00:00,Seller,25bb2e554b9533de
2026-01-13T20:50:01.0204197+00:00,Seller,
2026-01-14T18:58:16.4722485+00:00,Seller,72dc4997d33c7af9
2026-01-15T06:00:11.4025465+00:00,Seller,c769eb0b6c65e8e6
2026-01-15T15:00:05.9348873+00:00,Seller,fbb6a58d32f24e83
2026-02-17T20:05:05.7788909+00:00,Seller,129cd8f6ff3ff7f5
2026-02-17T21:35:00.480092+00:00,Mobile estimate,d4a54b7c7bde40c2
2026-02-18T16:30:01.4982393+00:00,Seller,44a9e4448cb45dbf
2026-02-18T18:32:31.4795635+00:00,Seller,fd1b744b1582e195
2026-02-18T19:05:01.948284+00:00,Seller,0466035edb844d3d
2026-01-16T01:10:00.7725468+00:00,Buyer,970d19d23303efee
2026-01-16T15:03:09.4812429+00:00,Seller,d8e773edcf26d6cd
2026-01-16T19:12:22.3593406+00:00,Seller,60ff1a19ea3fd85c
2026-01-16T21:20:02.7034263+00:00,Seller,4277e5f5ab5deefd
2026-01-16T21:50:00.6618579+00:00,Seller,a3bf9fb3cf7ac8d5
2026-01-17T14:20:01.8552046+00:00,Seller,91e75e06b410523e
2026-01-17T16:05:01.2508276+00:00,Seller,a8472a83f128ff86
2026-01-17T20:35:01.3704047+00:00,Seller,0b2fc7d4d4b0da0e
2026-02-17T20:13:11.6094624+00:00,Seller,b5948aab94ade116
2026-02-17T22:55:01.5868406+00:00,Seller,27ddbd6e3575de7b
2026-02-18T18:30:04.1859404+00:00,Seller,e68ce6a41a830806
2026-02-18T18:50:01.0709533+00:00,Seller,00d73c7c15162c35
2026-02-18T19:42:46.2776034+00:00,Seller,c9bc32e65a5937c4
2026-01-19T20:00:09.7559014+00:00,Seller,76f7e29cef07a190
2026-02-18T19:55:01.5599121+00:00,Seller,eabd53e25c15d6cc
2026-02-19T05:00:06.374786+00:00,Seller,39703f415cc6fcc7
2026-02-19T16:42:54.7330972+00:00,Seller,aae3307d1ad2eb3b
2026-02-19T18:11:02.0186772+00:00,Seller,9e117f2f4b44a99d
2026-01-16T14:55:01.2519364+00:00,Seller,1aea1deaffc5a9dc
2026-01-16T17:15:02.6312306+00:00,Seller,e8a7756128b823e7
2026-01-16T21:41:47.4573995+00:00,Seller,c2bd310743d1b6d3
2026-01-16T22:45:03.9169556+00:00,Seller,b3f6ca261f802636
2026-01-17T14:50:01.2120715+00:00,Buyer,d61421f4c9f96c0c
2026-01-17T18:15:03.0092968+00:00,Seller,9720f36c4a2ba3fb
2026-01-19T18:55:01.4842222+00:00,Seller,a51616cf54752259
2026-02-19T00:45:01.713432+00:00,Seller,49c661d85aac84d3
2026-02-19T16:10:01.113707+00:00,Seller,d6838634782095af
2026-02-19T17:07:36.0646783+00:00,Seller,abf477fd0dbe6dea
2026-02-19T18:55:01.0839795+00:00,Seller,ce4c75f0c0400915
2026-02-19T19:04:07.931616+00:00,Seller,
2026-01-19T21:40:02.3603071+00:00,Seller,54f8f351f34d7c16
2026-01-20T18:06:25.8552954+00:00,Seller,361c9314ce159cea
2026-01-20T22:50:00.9685157+00:00,Seller,efbe22c67e15ac89
2026-01-19T21:30:21.9805358+00:00,Seller,37a4f1b87af0c254
2026-01-20T15:28:20.7184356+00:00,Seller,f96b1690bd562ca4
2026-01-20T21:02:31.9592707+00:00,Seller,a68eb10a86d86b07
2026-01-20T22:55:00.391303+00:00,Seller,99db284b95a4714d
2026-01-20T22:55:33.9394631+00:00,Seller,b748994702c63796
2026-01-22T15:20:02.0922557+00:00,Seller,ac4078acc6a9fe6a
2026-01-22T18:45:00.9181561+00:00,Seller,bd111e6386db62b7
2026-01-21T15:55:00.894385+00:00,Seller,b62b05e648fefe75
2026-01-22T03:20:02.8610908+00:00,Seller,6f72ef2d0d394063
2026-01-22T17:56:16.045921+00:00,Seller,103b46d9e51de729
2026-01-22T19:35:00.4316397+00:00,Seller,484c985f35bd8dc6
2026-01-22T19:40:00.5213708+00:00,Seller,d928a5111c2b740f
2026-02-19T22:45:01.1726325+00:00,Seller,3470a2aa75202482
2026-02-20T04:15:01.5376233+00:00,Seller,250ad3479f8d652f
2026-02-20T23:33:25.3643684+00:00,Seller,f7a5235e9d05b88a
2026-02-19T22:20:05.6184303+00:00,Seller,4016441de4966e7f
2026-02-20T01:00:05.1889726+00:00,Seller,51ad5d035e970fa7
2026-02-20T20:50:01.3825746+00:00,Seller,c5f3ae4bab4d2e50
2026-02-21T18:55:01.3239138+00:00,Seller,0ab17fe7a6469280
2026-01-22T20:15:05.3354679+00:00,Seller,7c49ffbc015493ca
2026-01-23T03:50:01.4688854+00:00,Seller,ecb5aabc09b64313
2026-01-23T18:35:01.163153+00:00,Seller,31c9f0ed6199549c
2026-01-24T00:54:07.5146348+00:00,Seller,103b46d9e51de729
2026-02-22T20:05:03.2930425+00:00,Seller,2a32e1bca3394fcd
2026-01-22T23:26:53.223894+00:00,Seller,361c9314ce159cea
2026-01-23T16:45:02.5046654+00:00,Seller,6aa6d1b31c0b6dd6
2026-01-23T19:20:02.1265648+00:00,Seller,709ab0305344545f
2026-01-24T17:30:00.8653182+00:00,Seller,adb0a50a4ba0a1e9
2026-01-26T16:20:02.5222877+00:00,Seller,b4779dc71da47fa7
2026-01-27T21:50:01.1447306+00:00,Seller,a2920bf80dcfc0e6
2026-01-27T22:41:43.2055282+00:00,Seller,fabe1cfddd4363b7
2026-01-26T02:40:02.6597721+00:00,Seller,642162eb17efe41a
2026-01-26T16:50:04.7156555+00:00,Seller,85819470b9d6c560
2026-01-27T22:39:55.162208+00:00,Seller,697540f24a6c4732
2026-01-28T13:55:01.1904457+00:00,Seller,42b137b1cf8b7f6f
2026-01-29T01:20:01.9409897+00:00,Seller,85c50697ecbf222b
2026-01-28T22:45:01.1063458+00:00,Seller,9e117f2f4b44a99d
2026-02-23T13:40:02.3782439+00:00,Seller,41f560c88f54b422
2026-02-23T17:50:03.5914046+00:00,Seller,282706f3142e8025
2026-02-24T22:20:02.2492582+00:00,Seller,718095b6f699e0ab
2026-02-23T05:20:11.6531785+00:00,Seller,e1f66dbabb287eed
2026-02-23T17:10:00.957016+00:00,Seller,1242bb7f1062f978
2026-02-23T21:02:39.2795962+00:00,Seller,
2026-02-24T23:20:01.8894398+00:00,Seller,16c6d1c06b274fa2
2026-02-25T19:30:03.419523+00:00,Seller,e68f1f1a45661182
2026-02-25T18:36:08.4882964+00:00,Seller,
2026-01-29T14:00:03.3982305+00:00,Seller,ad2822b767401569
2026-01-30T14:47:01.935625+00:00,Seller,c5c9bd58b19ee905
2026-04-02T18:00:06.5714577+00:00,Seller,747251161915d745
2026-01-29T18:45:00.8224252+00:00,Seller,4095e00cae2bc01e
2026-04-02T14:19:38.2633075+00:00,Seller,d81aaa493f36924b
2026-04-02T19:20:02.2168451+00:00,Seller,5f6430d1a8b10e61
2026-04-02T22:05:01.3226008+00:00,Seller,cf44bf03653e50f6
2026-04-02T20:54:37.4335678+00:00,Seller,
2026-04-02T22:05:04.8807706+00:00,Seller,47a00a28b6fd07ef
2026-04-03T03:15:01.3755881+00:00,Seller,a84e88cc4f2d5412
2026-04-03T15:41:34.5052258+00:00,Seller,
2026-04-02T22:55:00.6652631+00:00,Seller,70ba2810dff5840c
2026-04-03T04:30:01.0632782+00:00,Seller,1323ff172d7a54f3
2026-04-03T16:18:55.2034892+00:00,Seller,
2026-04-03T22:10:01.3808256+00:00,Seller,2fd07331c1fcc197
2026-02-26T15:45:06.6496336+00:00,Seller,2177b5bb956ee3ee
2026-02-26T21:05:44.9975244+00:00,Seller,
2026-02-27T15:55:01.0511882+00:00,Seller,9bc1dea841ed3541
2026-02-27T20:15:01.0449152+00:00,Seller,4b5e8ef3ab4d2750
2026-04-05T15:15:02.9936873+00:00,Seller,df309cbd08e8ab15
2026-04-06T18:25:00.7066905+00:00,Seller,58d29017e6720949
2026-04-07T00:50:00.8614768+00:00,Seller,09e4bc5692467591
2026-04-07T14:05:01.1085716+00:00,Seller,032ef62852bc7ab7
2026-04-07T15:50:01.0909541+00:00,Seller,8926cdb85ec6ee6c
2026-04-08T14:40:22.1466805+00:00,Seller,a923bd48779b7e96
2026-04-08T15:50:01.0482661+00:00,Seller,fff0108a9bb4426f
2026-04-09T14:45:03.790434+00:00,Seller,368487246a686c8e
2026-04-10T14:40:03.414471+00:00,Seller,de7149ed482ca186
2026-04-03T16:44:40.9312043+00:00,Seller,
2026-04-05T08:20:02.595569+00:00,Seller,b43be00116a4ca69
2026-02-26T15:45:02.3301707+00:00,Seller,6798b8a7c2cf5dc6
2026-02-26T19:35:01.6612756+00:00,Seller,4b4d25f73b03ce7b
2026-02-27T11:20:03.6261506+00:00,Seller,03987627fe6955cf
2026-02-27T19:35:00.9064208+00:00,Seller,49c5e307df011490
2026-02-27T21:20:03.7336957+00:00,Seller,75744f2c92917064
2026-04-06T16:20:03.8986226+00:00,Seller,8f14ac14bf2dbe6d
2026-04-06T19:25:00.7078573+00:00,Seller,2867486ce41cc64d
2026-04-07T03:10:01.301434+00:00,Seller,0c40482902641d7e
2026-04-07T14:45:04.8135694+00:00,Seller,375da0d99bf04dc2
2026-04-08T14:10:32.1477476+00:00,Seller,0909b714e92ff059
2026-04-08T15:05:01.0661256+00:00,Seller,7d4a9ed15d73032b
2026-04-08T18:20:02.0556609+00:00,Seller,2a2bd93968d25d4f
2026-04-09T20:10:01.1316862+00:00,Seller,8b0a28ce114ee849
2026-04-10T15:40:00.957612+00:00,Mobile estimate,863930c933c0ab83
2026-04-10T20:15:06.8543081+00:00,Seller,5a83673c59c91e7a
2026-04-11T17:10:01.0973121+00:00,Seller,6ad27bd6ab3aaf04
2026-04-11T20:40:02.4002157+00:00,Seller,c4aa56906fd1b0e0
2026-04-13T00:45:01.8665142+00:00,Seller,835597f78e43499a
2026-02-28T01:05:01.1345901+00:00,Seller,
2026-03-02T15:50:01.0176175+00:00,Seller,20c1aca837033a01
2026-03-02T18:10:01.4823737+00:00,Seller,ca9e2e2d97e7d5d5
2026-03-02T22:40:02.8961408+00:00,Seller,c7f4e4df87955551
2026-04-13T12:50:02.2403901+00:00,Seller,a94b3e6f7f477e14
2026-04-13T19:30:03.5197042+00:00,Seller,b19562f96ff6291a
2026-04-10T20:15:02.4038125+00:00,Seller,5a83673c59c91e7a
2026-02-27T21:39:26.2819127+00:00,Seller,f91d8a9f80f2bb40
2026-03-01T04:20:03.4562184+00:00,Seller,7a23493afcff2168
2026-03-02T18:06:05.315358+00:00,Seller,
2026-04-15T14:45:01.218674+00:00,Seller,269c976811ccced9
2026-04-16T03:00:06.0730201+00:00,Seller,b417a18e32279921
2026-03-03T20:15:01.4587223+00:00,Seller,53aece657e21c422
2026-03-04T15:51:15.3182698+00:00,Seller,51ad5d035e970fa7
2026-03-02T19:10:01.0976849+00:00,Seller,f5bff7d336f2a8fb
2026-04-11T09:20:03.5477404+00:00,Seller,274fea1b538f4fe8
2026-04-11T18:35:01.1815884+00:00,Seller,e964e3cc46272fb1
2026-04-12T21:45:01.6303503+00:00,Seller,68456a437440f72a
2026-04-13T12:40:02.2382533+00:00,Seller,d2c1368369b9b498
2026-04-13T17:55:01.3769649+00:00,Seller,d87079a4530ddf12
2026-03-02T22:56:50.3498833+00:00,Seller,1aa4c74614b9e115
2026-03-03T19:50:01.3713554+00:00,Seller,d19569ad82616570
2026-03-04T15:20:02.8907705+00:00,Seller,d50905969c272895
2026-03-04T15:54:51.7303998+00:00,Seller,05cbe279e94bb067
2026-04-15T03:40:02.5715497+00:00,Seller,efd1d23580dbbc7b
2026-04-15T15:05:00.8566445+00:00,Seller,eba422783c778199
2026-04-16T17:33:59.3857801+00:00,Seller,9a8629e0a07fe417
2026-04-16T22:35:01.2669594+00:00,Seller,ac791b88fd6d53c2
2026-04-17T00:45:01.2695587+00:00,Seller,f22d702e14d5bc9d
2026-03-04T18:18:17.5438212+00:00,Buyer,641c2ab9879ace94
2026-03-05T15:10:01.0504699+00:00,Seller,1ee5580d1dfc5350
2026-03-04T17:25:01.1893771+00:00,Seller,56c9040e98ad3efd
2026-03-04T19:15:01.0951994+00:00,Seller,a60dffcd92c54bd0
2026-03-05T21:46:06.010623+00:00,Seller,
2026-04-16T17:58:22.6090126+00:00,Seller,d85641a6549a72a5
2026-03-05T23:15:03.9502686+00:00,Seller,aa850f42811b183d
2026-03-06T15:10:01.2875675+00:00,Seller,1e8a959bcdda9cfd
2026-04-17T06:25:01.0195341+00:00,Seller,aabbc5e829cb6ba2
2026-04-17T21:40:03.7879494+00:00,Seller,34ffcfed07f9dc2c
2026-04-17T00:09:10.2813026+00:00,Seller,5baae3e6112435cf
2026-04-17T05:10:01.0247294+00:00,Seller,7d8d691c6618cb8b
2026-04-17T19:10:01.1397608+00:00,Seller,aa22ee76292eab48
2026-04-19T20:15:02.548974+00:00,Seller,0f8c0c0c50f9a8b2
2026-04-20T14:35:01.4906425+00:00,Seller,5337f160dcd60bb4
2026-04-20T15:20:00.5189803+00:00,Seller,
2026-04-20T19:12:38.900567+00:00,Seller,6cb1c71d153ef2bd
2026-03-06T17:10:18.8837436+00:00,Seller,6a857ffcbf70cb90
2026-04-20T14:35:05.7575978+00:00,Seller,a9b7bb48064023f1
2026-04-20T17:15:04.8096639+00:00,Seller,95aa6f537b902e21
2026-04-20T20:40:02.4616985+00:00,Seller,48eb78c6128f1d42
2026-04-21T15:08:21.9694588+00:00,Seller,
2026-03-07T13:10:01.2071344+00:00,Seller,cac55426747a6044
2026-03-07T23:50:03.853358+00:00,Seller,51f402e9688aa41d
2026-03-08T04:00:05.7271711+00:00,Seller,b33e74717dd17105
2026-04-20T23:05:00.9644775+00:00,Seller,322f2388e759964f
2026-03-06T04:05:01.5768032+00:00,Seller,542dcbbc26b551b8
2026-03-06T15:30:01.1092319+00:00,Seller,185dca2d7229e76a
2026-03-06T18:30:04.2996055+00:00,Seller,0483c0b5d0a71b44
2026-03-07T21:55:01.2524813+00:00,Seller,82d3f3ffed28f460
2026-03-08T02:40:02.4241225+00:00,Seller,145e07add2cdf089
2026-04-21T16:27:35.4067773+00:00,Seller,9aa0806d2ba3bfa3
2026-04-21T23:29:11.1117234+00:00,Seller,46208d2e78fd2148
2026-04-22T13:20:03.6758563+00:00,Seller,06ba1c07ff19b394
2026-04-22T21:10:00.952364+00:00,Seller,0054012e051a7ac3
2026-03-08T13:00:05.7476728+00:00,Seller,32bb32878f79fc85
2026-03-09T01:00:06.1919348+00:00,Seller,961d2ce120609913
2026-03-09T15:20:04.7381871+00:00,Seller,c15602c6902e08f6
2026-03-09T20:03:53.743959+00:00,Seller,59fb4d2a5524ef2b
2026-03-10T13:45:04.0354516+00:00,Seller,185a2ad2d470af51
2026-03-10T15:30:03.8853098+00:00,Seller,a3ac85436fd62609
2026-03-10T18:35:00.8728943+00:00,Seller,8d0f36c216451bb0
2026-03-10T21:32:06.8329262+00:00,Seller,40e417c0d5947a64
2026-04-21T16:05:01.0287444+00:00,Seller,39e71c4ede882da3
2026-04-21T18:20:02.4938801+00:00,Seller,19b8e654c8cf7f17
2026-04-22T00:15:10.4123225+00:00,Seller,134684c9d4abf339
2026-04-22T17:02:10.2479195+00:00,Seller,daf0e9463b93dba9
2026-03-09T00:00:04.1797635+00:00,Seller,9869ce5fe8bea814
2026-03-09T14:31:25.110859+00:00,Seller,f974ff516e373292
2026-03-09T15:45:01.6246133+00:00,Seller,981df45c50641549
2026-03-09T20:55:48.1822742+00:00,Seller,9e117f2f4b44a99d
2026-03-10T13:55:03.9410642+00:00,Seller,390d2d549bade0f0
2026-04-23T13:50:07.5777732+00:00,Seller,79293abcdc1f17de
2026-04-23T19:45:02.200202+00:00,Seller,cce1e81832ec3a11
2026-04-24T15:50:07.6031376+00:00,Seller,789de390ee64e093
2026-04-24T20:45:01.2313209+00:00,Seller,0200fa867bb660af
2026-03-10T16:35:01.0841336+00:00,Seller,c7c91ebb3c14a70b
2026-03-10T21:05:01.0288334+00:00,Seller,2111f6cf28ec99d3
2026-03-10T23:05:03.0424366+00:00,Seller,6d68323c8cea618b
2026-03-11T15:40:03.5208077+00:00,Seller,37d001b5a080baf2
2026-03-11T08:05:01.6593619+00:00,Seller,30ff078dfbd87b40
2026-03-11T16:45:00.9377265+00:00,Seller,9693f01483a991f3
2026-03-11T19:10:05.6889808+00:00,Seller,c6d6f847e0888007
2026-03-12T07:50:03.2585007+00:00,Seller,8df00351c2b220eb
2026-03-12T16:24:44.1724992+00:00,Seller,
2026-04-23T12:20:04.1800615+00:00,Seller,850bc4cfe64ae710
2026-04-23T18:30:01.1918858+00:00,Seller,
2026-04-23T22:21:31.9229054+00:00,Seller,a51515e93f37c92c
2026-04-24T20:10:01.1736046+00:00,Seller,fc16f61152a5fe61
2026-04-24T22:15:01.1573134+00:00,Seller,36f88755d8dfb623
2026-04-27T02:40:04.3094944+00:00,Seller,102bc6fa345ded9e
2026-04-27T19:05:03.1200607+00:00,Seller,2755414d2f1536f7
2026-04-28T15:55:01.1234027+00:00,Seller,5a68223a6b3dfcd6
2026-03-11T19:10:01.7453717+00:00,Seller,322f2388e759964f
2026-03-11T19:23:35.3641566+00:00,Seller,b7cce784eb855e25
2026-03-12T15:15:03.5466644+00:00,Seller,70a3c50f53aa7c10
2026-03-13T15:03:17.8639342+00:00,Seller,e12ae73998feee44
2026-04-28T20:50:01.3127353+00:00,Seller,4cf85f713f06ce12
2026-04-28T23:03:56.5914844+00:00,Seller,013d434e3decfa6e
2026-04-29T20:00:07.986433+00:00,Seller,d0238e5669e47655
2026-04-29T20:58:44.5367748+00:00,Seller,b50b65e2a4796c5c
2026-04-30T14:25:01.2778631+00:00,Seller,eb88d0adc91088c0
2026-04-27T00:55:01.4746317+00:00,Seller,d1010abd8a2d11fa
2026-04-27T17:10:01.0279427+00:00,Seller,0c13640c2a394690
2026-04-27T21:25:01.0699452+00:00,Seller,ba722489707e3bb6
2026-04-28T20:00:06.3069889+00:00,Seller,f7d8bc7a08e7a5be
2026-04-28T23:00:07.0822379+00:00,Seller,
2026-03-13T17:35:00.9806682+00:00,Seller,0a5b8abf3cc3ad4c
2026-03-13T21:55:02.6111307+00:00,Seller,0257ce373d9c3999
2026-03-14T20:35:05.0289292+00:00,Seller,2f6e902abe742331
2026-03-16T16:50:01.0106975+00:00,Seller,6c08658638c21b6f
2026-03-13T14:40:06.1168466+00:00,Seller,e91761f2e53f042d
2026-03-13T16:30:03.7058368+00:00,Seller,d537bff0e90bd3d5
2026-03-13T19:11:19.3553076+00:00,Seller,abf477fd0dbe6dea
2026-03-14T15:30:03.0324531+00:00,Seller,30bd9fb27ffc741c
2026-03-16T20:47:20.2172616+00:00,Seller,e24526237a863bf9
2026-05-01T14:40:19.8327043+00:00,Seller,0db2cc3e6cc84a42
2026-05-01T15:53:35.9991757+00:00,Seller,b7fa2a94ee0d8028
2026-05-01T21:58:28.0868424+00:00,Seller,f7d8bc7a08e7a5be
2026-04-29T15:38:19.3346783+00:00,Seller,
2026-04-29T20:00:47.8211185+00:00,Seller,
2026-04-29T22:05:03.3854876+00:00,Seller,20cc44caafadd7f0
2026-05-01T05:00:05.5608936+00:00,Seller,acd75ad45d1de05d
2026-05-01T15:13:06.2161046+00:00,Seller,0fa1f8aa2d34532b
2026-03-16T16:20:00.98655+00:00,Seller,60b307bc970b8a54
2026-03-16T17:05:00.6438375+00:00,Seller,8eb206f08920f280
2026-03-16T21:05:01.0318795+00:00,Seller,c4a8e79d50f71e11
2026-03-17T21:45:00.4503223+00:00,Seller,d53891571316b63d
2026-03-17T22:00:05.047299+00:00,Seller,c979c828dd7076e0
2026-05-01T17:30:01.4362578+00:00,Seller,da4336bec1e2eb6a
2026-05-03T18:40:03.3230998+00:00,Seller,a9fe26aef3d5b815
2026-05-04T02:10:01.9036427+00:00,Seller,d9f81cdf77ab57a0
2026-05-04T14:45:13.8871711+00:00,Seller,
2026-03-18T04:50:00.9468203+00:00,Seller,7d8d691c6618cb8b
2026-03-18T15:45:06.3952224+00:00,Seller,50ef68b144c263ff
2026-03-19T21:30:03.531199+00:00,Seller,479717614ec7832b
2026-03-20T16:55:01.1684108+00:00,Seller,c72dfe40a00a48ac
2026-05-03T18:50:01.0101205+00:00,Seller,fa6c333cf6d4d0b3
2026-03-16T21:10:01.0413024+00:00,Seller,17168460b6d32e74
2026-03-17T21:45:06.4046176+00:00,Seller,350dcde6842abc9a
2026-03-17T22:04:55.4952245+00:00,Seller,b2daec00f4c3717a
2026-03-18T15:45:01.5974404+00:00,Seller,b8792177cf284dc4
2026-03-20T18:45:06.1622565+00:00,Seller,d6567afe5244bda0
2026-05-04T21:30:28.1980204+00:00,Seller,af41e78b9450486e
2026-05-05T04:05:01.1500709+00:00,Seller,cb18e73f17ef5f76
2026-05-05T19:25:01.1367108+00:00,Seller,af72a751d65c4c0e
2026-05-06T19:30:08.9877476+00:00,Seller,9d402a8dfb4f2e25
2026-03-21T23:25:01.0507559+00:00,Seller,1c529406c74968f0
2026-03-22T04:00:10.0854106+00:00,Seller,f38851c8cfab15c7
2026-03-23T04:00:01.7430051+00:00,Seller,00db593df6d67bf0
2026-03-23T04:00:17.1884766+00:00,Seller,ad2edec01d83a0dc
2026-03-19T17:51:46.8775202+00:00,Seller,a0a2b16e031ce540
2026-05-04T12:50:01.1449488+00:00,Seller,29b77d6f396e69ec
2026-05-04T16:55:01.0495864+00:00,Seller,a9999465ee910d88
2026-05-05T00:05:02.2778041+00:00,Seller,
2026-05-05T13:53:30.7482686+00:00,Seller,0830baa993f21943
2026-05-06T12:50:01.2371267+00:00,Seller,98aeb83f006ea724
2026-03-20T15:05:01.1419618+00:00,Seller,28bc8cfc26c9163d
2026-03-20T17:50:01.1251631+00:00,Seller,946beb63bb6e9e82
2026-03-20T18:54:00.881393+00:00,Seller,1d36d3440951cc87
2026-03-22T04:00:01.9259494+00:00,Seller,1f877879f72319c3
2026-05-06T20:08:26.4315148+00:00,Seller,b57b6440c4f30c73
2026-05-07T01:30:40.4332281+00:00,Seller,b2daec00f4c3717a
2026-05-07T04:00:06.0399004+00:00,Seller,14f368ce342e79df
2026-05-07T15:40:01.5314009+00:00,Seller,0ece3058619dd217
2026-03-22T08:50:01.076155+00:00,Seller,d937470ba307bfed
2026-03-23T04:00:09.3551409+00:00,Seller,1f73096597719022
2026-03-23T18:20:01.9709617+00:00,Seller,013d434e3decfa6e
2026-03-23T22:05:01.2285059+00:00,Seller,81169da5ef2cbb2b
2026-05-07T18:15:03.8335846+00:00,Seller,e53d9be7dfd1cf45
2026-05-07T21:30:01.5894507+00:00,Seller,570c2868b2f73c5f
2026-05-07T01:20:02.6420495+00:00,Seller,3f61c3306dc72776
2026-05-07T01:56:58.732254+00:00,Seller,
2026-05-07T13:30:04.8080822+00:00,Seller,350dcde6842abc9a
2026-05-07T17:55:01.2159097+00:00,Seller,81169da5ef2cbb2b
2026-05-07T19:25:01.8051942+00:00,Seller,862a2204a45f2f42
2026-05-08T13:35:01.0164164+00:00,Seller,dc3a9198735559a7
2026-05-08T14:29:51.6052377+00:00,Seller,9575004e22307a31
2026-05-08T20:05:01.1523551+00:00,Seller,4991bd6cf214742c
2026-03-24T19:00:05.5053109+00:00,Seller,f73b8125fefe211e
2026-03-23T13:30:01.3349342+00:00,Seller,9970aec10bd46e05
2026-03-23T20:00:05.5840861+00:00,Seller,df85176605d297d4
2026-03-24T17:15:01.9517585+00:00,Seller,4fa9c858037246e6
2026-03-24T19:45:03.8629643+00:00,Seller,c021a2acdb147338
2026-03-24T20:50:02.6800804+00:00,Seller,77f2743da3545104
2026-03-24T21:30:45.9511811+00:00,Seller,
2026-03-25T15:25:01.1628702+00:00,Seller,c8685d8c21d5c2c2
2026-03-25T19:40:03.1677054+00:00,Seller,0ab68e881eecb18a
2026-05-11T12:44:49.5368566+00:00,Seller,0830baa993f21943
2026-03-24T20:50:07.7020078+00:00,Seller,77f2743da3545104
2026-05-08T02:10:01.2364244+00:00,Seller,74a217a81466c6ca
2026-05-08T14:05:00.84172+00:00,Seller,a8aa3cdc700aaf4c
2026-05-08T19:00:05.9941949+00:00,Seller,5387de242b1380e2
2026-05-08T22:55:01.2747408+00:00,Seller,dbcf234d118ed1ed
2026-03-24T22:25:01.0527774+00:00,Seller,aaf4d1c137bb814b
2026-03-25T19:15:01.3216762+00:00,Seller,1cd340f7454df6f2
2026-03-25T20:45:01.3305445+00:00,Seller,a7c850b35f9b8ff0
2026-03-27T11:55:01.2726766+00:00,Seller,78ce1b3b94a3dc8f
2026-05-11T14:00:05.2079339+00:00,Seller,b82dee11b274a07b
2026-05-11T18:05:01.23161+00:00,Seller,8f71cd776ba1ad5e
2026-05-11T20:00:09.1702527+00:00,Seller,ad563e995b469b54
2026-05-11T15:40:02.4693689+00:00,Seller,a9999465ee910d88
2026-05-11T19:09:28.1634155+00:00,Seller,64d1f65fc3e91685
2026-05-11T22:35:19.3378647+00:00,Seller,
2026-05-12T17:45:01.2206729+00:00,Seller,0eba3c66bb2d5113
2026-03-27T00:00:05.2255193+00:00,Seller,fc3c4339a412668c
2026-05-12T16:10:01.5946357+00:00,Seller,6e11ce7753f2fcf3
2026-03-27T20:15:00.7906932+00:00,Seller,626d4f7a60e9c6db
2026-03-28T15:25:01.1194435+00:00,Seller,0329a9eb9098839f
2026-03-30T14:35:01.1673653+00:00,Seller,ab9adea1234a5219
2026-03-27T19:45:01.1687928+00:00,Seller,ce516eb60139fd9e
2026-03-27T20:35:00.9393442+00:00,Seller,0f21f1f2fa590050
2026-03-29T20:25:01.359339+00:00,Seller,815e5d3ce32c4935
2026-03-30T17:10:01.1676712+00:00,Seller,b9da65b0c467f0b6
2026-03-30T20:00:05.4975378+00:00,Seller,28d4209ff1a7c192
2026-03-30T18:00:05.6329852+00:00,Seller,2d767fec72c52cc8
2026-03-30T20:09:07.8503218+00:00,Seller,9693f01483a991f3
2026-05-12T17:55:50.4637893+00:00,Seller,ffa000b6f6dda85c
2026-05-12T20:20:04.7705654+00:00,Seller,3f949d85fcd15a2e
2026-05-13T14:30:05.3037861+00:00,Seller,663ea8385a9eb012
2026-03-30T20:20:01.7649406+00:00,Seller,099c9fe35f7a2bf0
2026-03-31T13:30:03.8493942+00:00,Seller,a4e7671c047bf3d4
2026-03-31T15:20:00.3617008+00:00,Mobile estimate,b4b849e42dfbbae1
2026-05-12T18:45:01.3658147+00:00,Seller,fe7934ebbc80f4aa
2026-05-13T19:20:01.7533419+00:00,Seller,dbcd5faff068c417
2026-05-13T22:00:06.7137595+00:00,Seller,c14ae92add0c94d0
2026-03-31T00:20:01.8026487+00:00,Seller,365aefa306eb6e32
2026-03-31T14:25:01.0335938+00:00,Seller,1f293f9f5b86fe65
2026-05-13T00:40:02.8891511+00:00,Mobile estimate,08f030e7b204e335
2026-05-13T14:52:59.7476211+00:00,Seller,ac40e55949626ff2
2026-05-13T21:50:00.6844641+00:00,Seller,a55cbe1f0f834006
2026-05-14T12:40:02.3995574+00:00,Seller,13913c4e8ef0dfa0
2026-03-31T18:20:00.6717356+00:00,Seller,484c985f35bd8dc6
2026-04-01T14:10:01.1509978+00:00,Seller,72a3a3c33a0543aa
2026-05-14T14:15:01.1364326+00:00,Seller,4b8a6f510e2c5f58
2026-05-15T01:00:11.4860555+00:00,Seller,6fc43829419beac3
2026-03-31T23:45:01.3855551+00:00,Seller,96717508ffc5835e
2026-04-01T16:45:01.8140435+00:00,Seller,117b19270f1939ae
2026-04-01T21:05:01.1072832+00:00,Seller,2845855320e9e69c
2026-06-02T14:55:52.1184369+00:00,Seller,a95af7b20afebf23
2026-05-14T22:45:03.3577258+00:00,Seller,b02d0f7ef86ae58e
2026-05-15T01:10:00.6973327+00:00,Seller,1feeb2f4431574af
2026-05-15T18:58:06.8016693+00:00,Seller,1c8c4d1a46d10838
2026-05-16T22:20:02.173828+00:00,Seller,18b4372140a34064
2026-05-15T17:28:14.673995+00:00,Seller,36e99ee4f6d2ff6b
2026-05-15T19:50:02.5901967+00:00,Seller,fd7dd74d04b79b37
2026-05-17T06:35:01.1455851+00:00,Seller,50974347999ae50f
2026-04-01T18:20:02.0056142+00:00,Seller,6dd78e108841ce2e
2026-04-02T01:50:01.2238856+00:00,Seller,61d72d359289f601
2026-05-18T19:11:44.4230821+00:00,Seller,37a52adb48cd4338
2026-05-18T22:03:10.7798855+00:00,Seller,f930f24a7ce4b3ca
2026-05-19T15:15:01.3120513+00:00,Seller,ea2280a16c7e1012
2026-05-19T20:30:03.3296453+00:00,Seller,a84e88cc4f2d5412
2026-06-02T17:53:59.8109664+00:00,Seller,bb8fc4a4fdeba566
2026-06-03T00:50:01.4939067+00:00,Seller,f211864c8824ae37
2026-05-18T21:50:01.0756758+00:00,Seller,fdfa4d104970a862
2026-05-19T00:30:01.0827961+00:00,Seller,320da6de8f77a7ee
2026-05-19T18:18:05.627279+00:00,Seller,1f877879f72319c3
2026-06-02T23:50:00.9424573+00:00,Seller,ec2661defeef02be
2026-06-03T17:10:01.0430859+00:00,Seller,d3d1c7f91d40b9f3
2026-06-03T19:15:02.8564511+00:00,Seller,d71f3580ead28656
2026-06-04T14:25:07.7798095+00:00,Seller,
2026-06-04T15:30:01.3795611+00:00,Seller,eaa88b1e2d7fa827
2026-05-20T17:35:01.1468973+00:00,Seller,efd7d6014a3b201a
2026-05-20T21:05:00.816156+00:00,Seller,
2026-06-03T17:20:01.9723858+00:00,Seller,73bb2b9fcbe3fe2d
2026-06-04T03:35:01.1701323+00:00,Seller,0da42d5ddba015e9
2026-05-20T21:00:05.164894+00:00,Seller,ed87703f4cca4a21
2026-05-21T10:25:00.951766+00:00,Seller,e1b2ef718558041c
2026-05-21T17:30:02.8491351+00:00,Seller,d0b93e3437249c58
2026-05-22T13:25:04.8749916+00:00,Seller,fe5cb66751990e9f
2026-06-04T14:50:05.8287087+00:00,Seller,
2026-06-04T17:20:02.6345364+00:00,Seller,ccd8eed3ef91738d
2026-06-04T19:50:02.6815456+00:00,Seller,716c717cb4c123d5
2026-05-21T11:00:03.8589509+00:00,Seller,4e85cbf6415746d9
2026-05-21T18:18:30.0831635+00:00,Seller,c09cd966cb15d08a
2026-06-04T19:50:01.4125891+00:00,Seller,4fe7fd09fa07d1f7
2026-06-04T21:40:02.2969663+00:00,Seller,12cf9090eb157e22
2026-06-05T17:20:04.5976758+00:00,Seller,8973e1ba313b27c1
2026-06-05T21:40:01.7715607+00:00,Seller,d9c54e51de352aa7
2026-06-07T18:00:04.3640685+00:00,Seller,fd8021081816f6ad
2026-05-22T18:13:26.5689375+00:00,Seller,0830baa993f21943
2026-05-23T09:00:04.9385596+00:00,Seller,d67b1a4a192ea40c
2026-05-25T00:35:04.4352657+00:00,Seller,215a35d3c73cef99
2026-06-05T15:31:39.300186+00:00,Seller,6ef98d5be4ad9570
2026-06-05T18:40:04.1581996+00:00,Seller,2a29eadc9c88e7e1
2026-05-22T23:00:04.6777556+00:00,Seller,c1078cb26197a70d
2026-05-23T16:00:05.0239973+00:00,Seller,3a6dc045016ca3c8
2026-05-25T14:13:05.8295995+00:00,Seller,8ae6b1e0dfbd2045
2026-05-26T14:57:29.9548686+00:00,Seller,7070727bb1eebe1e
2026-06-07T17:50:01.1235644+00:00,Seller,ee7d67ac76a06876
2026-06-08T14:25:01.2800967+00:00,Seller,d1c7134b082e13cc
2026-06-09T13:55:02.5586001+00:00,Seller,58521878d65b569f
2026-05-26T14:50:11.6576179+00:00,Seller,6ae625d8bd4cabb0
2026-06-08T19:30:26.9874089+00:00,Seller,e57ce9691dce70a2
2026-06-09T15:55:00.9275613+00:00,Seller,ab9adea1234a5219
2026-06-10T02:40:01.8618428+00:00,Seller,0f797d746fa134ca
2026-06-10T15:50:01.0934457+00:00,Seller,ba722489707e3bb6
2026-05-26T17:04:43.8961654+00:00,Seller,a0a2b16e031ce540
2026-05-26T21:25:00.9333902+00:00,Seller,d4163009469dc6f1
2026-05-27T14:19:10.5474555+00:00,Seller,df4e44deb833a5f2
2026-06-09T21:05:00.6586203+00:00,Seller,589197e4555c27e9
2026-06-11T14:28:04.3418304+00:00,Seller,
2026-05-26T20:00:07.9571364+00:00,Seller,86d47e4d3988105d
2026-05-27T13:30:02.3498287+00:00,Seller,e91761f2e53f042d
2026-05-27T14:55:01.0275906+00:00,Seller,5cb212bebd840bc4
2026-05-28T13:10:02.6082633+00:00,Seller,fd56f81e23022c67
2026-06-10T15:15:01.0582957+00:00,Seller,c5d38d1cad4c85bc
2026-06-10T20:35:01.4645424+00:00,Seller,d6a57b508fa00ecf
2026-06-11T14:55:52.5314507+00:00,Seller,bb289b2199062828
2026-06-11T17:07:13.9215011+00:00,Seller,b09d197406401b0b
2026-05-28T20:05:00.9413979+00:00,Seller,7a564cc32e52f2b3
2026-06-11T15:50:03.4090151+00:00,Seller,c480cb27fec13c92
2026-06-11T19:57:17.5213129+00:00,Seller,6fd440376c94d527
2026-06-12T21:04:54.2307688+00:00,Seller,3f61c3306dc72776
2026-06-11T22:04:05.2833251+00:00,Seller,c641eb6a973738b4
2026-06-14T15:15:05.141914+00:00,Seller,37b0566fb1165ea8
2026-06-15T10:35:05.1783691+00:00,Seller,6e110ac8bd46f31d
2026-05-27T17:45:01.1715816+00:00,Seller,ae2a5f50344b550e
2026-05-28T16:00:05.9344749+00:00,Seller,50fc47e7fc049714
2026-05-29T14:45:08.2065382+00:00,Seller,bbf063e051dc7c0f
2026-05-29T19:48:29.6603104+00:00,Seller,d9f81cdf77ab57a0
2026-05-29T22:55:01.0292437+00:00,Seller,5c1392bce03db56f
2026-06-14T22:40:08.4264275+00:00,Seller,
2026-06-15T11:45:06.5061968+00:00,Seller,6bc0056e61d69800
2026-05-29T15:00:03.8987328+00:00,Seller,7b9da299a6df29b5
2026-05-29T20:40:18.1289343+00:00,Seller,d760346ece561e09
2026-05-31T00:30:01.3133223+00:00,Seller,e06c43cf3bc5e1af
2026-05-31T22:15:01.1115325+00:00,Seller,5ea3daccf1de037b
2026-06-01T17:25:00.8730351+00:00,Seller,7278e70b17e5d6af
2026-06-15T15:40:11.3289354+00:00,Seller,3df5efe3b1fbf9ae
2026-06-16T18:40:01.7894293+00:00,Seller,851b65912277cbb9
2026-06-16T23:45:02.3818422+00:00,Seller,56db16c6f149964e
2026-06-17T19:10:01.31241+00:00,Seller,8c588adb6e22ac8b
2026-06-01T20:30:02.0537491+00:00,Seller,4e151d218a80a2ea
2026-06-01T23:20:03.1375175+00:00,Seller,6112d7aa9b3074d9
2026-06-02T14:10:01.3434905+00:00,Seller,e54b9d49ef92a25c
2026-06-02T14:45:01.9115287+00:00,Seller,
2026-06-18T11:40:01.768775+00:00,Seller,24b2e2f18b8bc975
2026-06-18T23:55:01.362572+00:00,Seller,b28681b3849f6209
2026-06-19T16:30:13.4722361+00:00,Seller,
2026-06-20T13:05:00.9026398+00:00,Seller,ec7f4bd4ed64a9bb
2026-06-22T16:05:00.9027571+00:00,Seller,5d06b44ea03c8d2b
2026-07-29T18:17:02.2060339+00:00,Seller,a072d821487dfdf5
2026-07-30T18:25:01.9122521+00:00,Seller,f2b49c61d8a8c65c
2026-06-15T13:10:07.2049949+00:00,Seller,
2026-06-16T14:40:03.8714872+00:00,Seller,98c7fdea6a7a4a5b
2026-06-16T19:25:06.4123159+00:00,Seller,f3c997591eb93bab
2026-06-17T12:45:04.7739682+00:00,Seller,4173fac1ed712bba
2026-06-18T00:55:05.2384967+00:00,Seller,
2026-06-18T18:55:01.2095728+00:00,Seller,d1b57dad229bcc29
2026-05-31T06:40:01.9351412+00:00,Seller,db10200d64f2e5bf
2026-06-01T17:18:41.4618841+00:00,Seller,e7ab4b8f42808e76
2026-06-01T17:30:00.9900419+00:00,Seller,877cd8e36becba77
2026-06-01T22:32:54.0294271+00:00,Seller,e5521d8981513488
2026-06-01T23:55:00.9031685+00:00,Seller,f11db7ff637997d2
2026-06-19T16:18:26.9553269+00:00,Seller,8798a7693f031ba9
2026-06-19T16:45:01.1093278+00:00,Seller,de7f2c0715f2009b
2026-06-22T13:37:16.2821808+00:00,Seller,
2026-06-22T18:10:08.8133522+00:00,Seller,9e63574621875154
2026-06-02T14:30:01.5661955+00:00,Seller,a66cbc549aed2167
2026-07-28T21:10:04.4958843+00:00,Seller,6df5a5abc65ad1f9
2026-07-30T15:35:01.8710954+00:00,Seller,1ef5640416886c5f
2026-07-30T18:40:05.2726115+00:00,Seller,f516d827848c4f35
2026-07-30T21:30:00.658709+00:00,Seller,0ff0e4febcd3815f
2026-07-30T21:35:01.6014582+00:00,Seller,8cb9924475d6f6a0
2026-07-30T23:10:00.9555612+00:00,Seller,fc2f86c45f55a4b8
2026-07-31T00:25:00.6185116+00:00,Seller,6015a9afb3e3e2ca
2026-08-03T20:20:05.54684+00:00,Seller,3fb42067e84c2706
2026-06-23T00:00:04.5810357+00:00,Seller,9bde7061ae3b8194
2026-06-23T22:02:18.364532+00:00,Seller,46c48ee66db6afb4
2026-06-25T17:25:36.2353798+00:00,Seller,fe242aa42bac48c8
2026-06-26T22:30:06.2607872+00:00,Seller,688094e9ba240874
2026-06-26T22:35:06.4246036+00:00,Seller,
2026-06-27T08:10:11.570871+00:00,Seller,3d7361e2f990b7f2
2026-06-27T16:15:05.5506628+00:00,Seller,
2026-06-27T17:15:06.2848019+00:00,Seller,3f0c55d479c0caa6
2026-07-30T21:15:00.7547009+00:00,Seller,b09131cc9f046dc7
2026-07-30T21:35:00.6078043+00:00,Seller,a4885a48960d26a2
2026-07-30T21:55:02.0122009+00:00,Seller,bbb279ec2f691caa
2026-07-30T23:50:01.1003167+00:00,Seller,8e725270f41a2369
2026-06-22T22:35:00.9777775+00:00,Seller,
2026-06-23T14:41:18.9323186+00:00,Seller,bfd5ec6aee0fb3c1
2026-06-27T17:15:07.6536743+00:00,Seller,c71ae720e6bfadfc
2026-06-27T18:40:05.60857+00:00,Seller,6b7e68069fb9d899
2026-08-03T21:30:00.8431693+00:00,Seller,859bfe0ff2f36bb8
2026-08-04T14:35:01.9749439+00:00,Seller,f482f3a34c1e95e5
2026-08-04T16:58:10.9473658+00:00,Seller,842589016e29a868
2026-06-24T19:24:03.7785342+00:00,Seller,4d8383bec0bc95cf
2026-06-26T22:20:08.7794642+00:00,Seller,
2026-06-26T22:35:05.8012676+00:00,Seller,
2026-06-27T03:00:10.3338017+00:00,Seller,dda76c3960cafb03
2026-06-27T12:50:07.9053816+00:00,Seller,98daae977c32ee0d
2026-06-27T17:15:05.6150227+00:00,Seller,3ce8a0630451d38a
2026-08-05T00:50:02.3137022+00:00,Seller,6d20e7ec90f33c84
2026-08-05T17:05:08.6945612+00:00,Seller,30285a3529b1688f
2026-06-29T12:35:01.0339294+00:00,Seller,7c4b1839d156bd92
2026-06-29T18:15:01.7628019+00:00,Seller,876a6c29044d08f8
2026-06-29T20:35:02.0787552+00:00,Seller,3dc70048c572867a
2026-06-27T17:15:06.9485236+00:00,Seller,4e27cbf7b86a369b
2026-06-27T17:15:08.4774608+00:00,Seller,1686e2d97ff801d7
2026-08-03T10:00:08.4372649+00:00,Seller,6d73e3e47caec017
2026-08-03T20:55:01.1766681+00:00,Seller,d8d357dab5307faa
2026-08-04T13:44:59.0892607+00:00,Seller,3eb5cc01251b409a
2026-08-04T15:25:01.405197+00:00,Seller,cb73badb72a97bd0
2026-08-04T18:00:04.7422653+00:00,Seller,37aef98246460961
2026-08-05T07:05:01.059374+00:00,Seller,567407f61129032d
2026-08-05T21:36:24.5121868+00:00,Seller,4b1473de816a71a7
2026-08-06T22:00:13.4132337+00:00,Seller,
2026-08-07T02:00:19.5941585+00:00,Seller,914b62a0a601a764
2026-06-28T12:50:10.7984192+00:00,Seller,
2026-06-29T16:05:54.3853298+00:00,Seller,8973e1ba313b27c1
2026-06-29T18:22:00.5180173+00:00,Seller,804d9ea1531dd353
2026-06-30T14:25:03.1773489+00:00,Seller,
2026-06-30T16:50:01.4293076+00:00,Seller,8bf2c628c9551986
2026-08-08T22:45:01.9779197+00:00,Seller,f9edbf93318e54ff
2026-08-10T12:45:01.1559027+00:00,Seller,bfde51783eed35a0
2026-08-10T14:53:26.9395494+00:00,Seller,facf1e4b245586b3
2026-06-30T16:31:05.951866+00:00,Seller,
2026-06-30T22:35:06.8813441+00:00,Seller,
2026-08-06T11:25:50.2618443+00:00,Seller,ac2c9892df4b30a6
2026-08-06T22:30:15.2902935+00:00,Seller,
2026-08-08T12:45:01.3537224+00:00,Seller,c6a2591a4f3d81b6
2026-08-10T04:00:13.6173852+00:00,Seller,d9ec710216ae2160
2026-08-10T18:05:43.0974628+00:00,Seller,
2026-08-10T22:45:12.70721+00:00,Seller,
2026-08-10T23:05:00.6391773+00:00,Seller,08a753c9e7ecc266
2026-07-01T17:25:01.1641051+00:00,Seller,0311990875a209d8
2026-07-02T12:30:01.5151529+00:00,Seller,333f73b4eff7cf42
2026-08-10T13:00:05.2854187+00:00,Seller,f154ee16cc73a3a4
2026-08-10T17:36:57.1836437+00:00,Seller,b09a09b35d2a39fa
2026-08-10T18:35:03.6843853+00:00,Seller,873755bfbb12b0af
2026-08-10T22:59:04.73709+00:00,Seller,e66e7a2700e08090
2026-07-03T21:30:00.9838814+00:00,Seller,a62cb930fa918ab9
2026-07-06T14:25:01.1699729+00:00,Seller,1ccf4dc29df6cf91
2026-08-11T02:15:02.9224252+00:00,Seller,60613b8ff2493481
2026-08-11T08:35:00.9350079+00:00,Seller,82e391096184ded7
2026-08-11T12:25:32.8508371+00:00,Seller,289a6f26f27f3b76
2026-08-11T02:10:45.8054542+00:00,Seller,
2026-08-11T04:30:02.6265169+00:00,Seller,7afe1932a94a1a20
2026-07-01T19:00:06.3464125+00:00,Seller,b2d9f6df79f2ea69
2026-07-03T18:10:00.7944659+00:00,Seller,75aafbf6ea5abc73
2026-07-04T15:25:02.5333985+00:00,Seller,173f501f05b1cdaa
2026-08-11T14:35:43.379722+00:00,Seller,6986c43bc526d129
2026-08-11T20:32:09.4356717+00:00,Seller,fa242f12d5c9ac1f
2026-07-06T17:45:01.137528+00:00,Seller,f272f59ea884a243
2026-07-06T22:25:00.9743528+00:00,Seller,a736cd4b21d54edc
2026-07-06T15:45:01.1711602+00:00,Seller,4b8b267c9f821732
2026-07-06T18:35:01.8708645+00:00,Seller,ec822dbf9d7f9a8f
2026-08-11T12:25:25.2062677+00:00,Seller,c6c0658a4e1b11bf
2026-08-11T14:18:07.7359519+00:00,Seller,
2026-08-11T18:51:54.5219637+00:00,Seller,f679558ba0d58b64
2026-07-07T14:30:01.2532069+00:00,Seller,546744b366fdeddd
2026-07-07T18:50:01.8535437+00:00,Seller,96f497756c0fe1c4
2026-07-07T20:55:07.7092304+00:00,Seller,079400eded940a57
2026-08-12T18:25:01.0302929+00:00,Seller,3f61c3306dc72776
2026-08-12T20:14:02.3255988+00:00,Seller,64e630229f3d1239
2026-08-12T16:05:01.4009219+00:00,Seller,1d1224abbd21819b
2026-08-12T18:25:02.610504+00:00,Seller,93bfbbe4f9b3adbd
2026-07-07T03:31:58.0138696+00:00,Seller,d0b0984edf6af164
2026-07-07T14:40:03.9241831+00:00,Seller,0c409723fbf3f312
2026-07-07T20:50:01.089874+00:00,Seller,791ee669423c7f79
2026-08-12T22:55:01.1138142+00:00,Seller,18cc902d10879e1b
2026-08-13T17:40:02.3959866+00:00,Seller,26bbb197f3386d96
2026-08-13T18:35:01.1616327+00:00,Seller,82850dc6722320b0
2026-07-09T14:50:01.0486953+00:00,Seller,24faeb9b4e966801
2026-07-08T22:40:03.5675382+00:00,Seller,3f640b7559d3b77a
2026-07-09T17:05:00.446355+00:00,Seller,bdd7c95c2e6eb72d
2026-08-12T21:25:00.8028839+00:00,Seller,a716441068f9e40d
2026-08-13T01:13:35.5635453+00:00,Seller,533c70b18da4604b
2026-08-13T18:05:00.8287338+00:00,Seller,a7c850b35f9b8ff0
2026-08-13T19:25:14.9587952+00:00,Seller,
2026-08-14T01:15:13.1219047+00:00,Seller,cdb890a2400ada01
2026-07-09T21:35:16.0721889+00:00,Seller,803ee08ff976cda9
2026-07-09T23:00:15.9867568+00:00,Seller,ffd70f5966e61b83
2026-07-09T18:10:01.9450998+00:00,Seller,0a207313d8dfcdb9
2026-07-09T22:40:02.2096733+00:00,Seller,770a56d9ebcf311e
2026-07-10T01:05:01.0156999+00:00,Seller,abe34d05c4e4efe4
2026-08-13T20:10:00.6699658+00:00,Seller,3e4335f38ada7c79
2026-07-10T03:15:16.5656983+00:00,Seller,
2026-07-10T14:54:39.8589012+00:00,Seller,f83e61a440b9ac43
2026-07-11T23:25:00.8634254+00:00,Seller,c26257a972603a51
2026-07-13T18:55:01.1020606+00:00,Seller,43c70758d71bb44b
2026-08-14T14:43:52.2836222+00:00,Seller,
2026-08-14T20:16:59.1785088+00:00,Seller,36b05324ebc895ea
2026-08-17T17:50:01.1501605+00:00,Seller,7f6fb87e6bb5ba32
2026-08-17T20:25:15.3589909+00:00,Seller,a55cbe1f0f834006
2026-07-10T12:40:39.4059352+00:00,Seller,7ee02ac3fa8636c0
2026-07-10T19:15:01.3429947+00:00,Seller,ba126321384cc9e7
2026-08-17T14:20:13.9157631+00:00,Seller,53ff4cba7a76c9d3
2026-08-17T20:00:07.6106693+00:00,Seller,b8d979d399d920fd
2026-08-17T21:42:26.9787266+00:00,Seller,f6637e85c8b387d2
2026-08-17T22:51:01.8788017+00:00,Seller,2c6958d3fb1ea91c
2026-07-12T07:30:01.2651544+00:00,Seller,a72becf7326065ab
2026-07-13T21:10:00.6567698+00:00,Seller,1e96dabfb40cd367
2026-07-14T02:45:01.4629091+00:00,Seller,0bc811a1a2e11213
2026-07-14T19:55:28.8978747+00:00,Seller,d6838634782095af
2026-08-17T22:12:35.4420047+00:00,Seller,cde50680b01e310e
2026-07-14T00:40:04.8938505+00:00,Seller,f1bea6be594b7a1d
2026-07-14T19:33:30.8203972+00:00,Seller,d6838634782095af
2026-07-14T23:00:02.5074679+00:00,Seller,d18a484913edcdf3
2026-07-15T16:00:07.0925109+00:00,Seller,d81638e82d0b8225
2026-08-18T14:47:26.5271176+00:00,Seller,9fb42628026890f3
2026-08-18T17:25:02.6825859+00:00,Seller,f780c40698b0aff2
2026-08-18T19:50:07.9168235+00:00,Seller,a77f67e234208932
2026-07-15T13:46:57.5803258+00:00,Seller,36b05324ebc895ea
2026-07-15T20:00:04.0163355+00:00,Seller,6d701d5a3f59bed5
2026-08-18T16:55:01.9714592+00:00,Seller,c3baf249d9119194
2026-08-18T17:50:01.0807685+00:00,Seller,eb1a770072ff8703
2026-08-18T22:04:10.3904593+00:00,Seller,758ddd568bd32c16
2026-07-15T19:25:01.0729257+00:00,Seller,a7f0498e2d6074ec
2026-07-16T22:10:39.8643543+00:00,Seller,ae31c709bf4d5075
2026-07-17T16:15:01.9909968+00:00,Seller,2ce8e91cea7479e5
2026-07-17T17:29:03.3881841+00:00,Seller,a90c56281c004ea4
2026-08-18T22:50:01.034404+00:00,Seller,9aec559b828aaf82
2026-08-19T05:15:04.9788784+00:00,Seller,4f08bbb5b10cd857
2026-08-19T14:40:03.7097718+00:00,Seller,5e5feff8504accb8
2026-07-17T13:40:03.3321767+00:00,Seller,24bf198f64905426
2026-07-17T16:21:52.1206554+00:00,Seller,9eb903595f2a1a9e
2026-08-19T14:35:01.2061652+00:00,Seller,05e2301f33dcc4e4
2026-08-19T18:10:01.5946639+00:00,Seller,219704ace30a1bcc
2026-08-20T14:35:01.6631481+00:00,Seller,df1b267bfd1035a7
2026-08-20T16:15:12.2616827+00:00,Seller,750f6e57e52b87be
2026-07-17T18:51:26.9979002+00:00,Seller,304aeb92b6b8d29b
2026-07-20T16:40:04.9118912+00:00,Seller,7042ca97e39126e8
2026-07-21T16:40:08.6166573+00:00,Seller,3d80d63b6af23de4
2026-07-22T14:35:14.1711326+00:00,Seller,94f9b9a297b00ee2
2026-07-17T18:44:12.4551274+00:00,Seller,0cea49c30d4586e2
2026-07-18T05:45:01.354441+00:00,Seller,5cfaa87bda24dcf0
2026-07-20T22:45:01.3256342+00:00,Seller,aad988825c4e969e
2026-08-19T20:40:02.3109335+00:00,Seller,62aeac5c184df8fe
2026-08-20T16:05:19.3429368+00:00,Seller,0cea49c30d4586e2
2026-08-20T16:40:07.0775342+00:00,Seller,6a437d72da7ef41f
2026-08-20T18:20:28.464004+00:00,Seller,d383c8f06bbe5015
2026-08-20T22:30:02.1654308+00:00,Seller,e552bd4856bbc0d8
2026-07-21T20:44:05.5174705+00:00,Seller,133eea045e13f9f6
2026-07-22T16:35:05.473283+00:00,Seller,5681479a3a9d5280
2026-07-22T18:32:35.3563891+00:00,Seller,abf477fd0dbe6dea
2026-08-20T16:42:09.5286678+00:00,Seller,a089b584fb8e3c5f
2026-08-20T18:20:34.3450545+00:00,Seller,3cf8ad1765cf5782
2026-08-21T05:45:03.5620089+00:00,Seller,a344837c6cff1a5e
2026-08-21T17:10:01.0069175+00:00,Seller,ab83fcad0ed6d60f
2026-08-22T17:33:14.8927009+00:00,Seller,5acf83fb42c31d2a
2026-07-23T18:10:57.7895014+00:00,Seller,f03b7cad4cb1513b
2026-07-23T20:30:01.7461736+00:00,Seller,c3152430bc3eda6b
2026-07-23T22:05:00.4779413+00:00,Seller,98daae977c32ee0d
2026-07-24T12:10:13.3020555+00:00,Seller,
2026-07-23T16:15:01.3838418+00:00,Seller,aa6573eb04e60204
2026-07-23T20:00:08.3828066+00:00,Seller,f0b84f860650f5d1
2026-07-23T21:55:02.6616918+00:00,Seller,99782c3b31ee24cd
2026-08-21T13:55:05.742049+00:00,Seller,3afcd85f822b4b7a
2026-08-21T17:37:12.1122248+00:00,Seller,0e32488349c9bf08
2026-07-24T14:30:01.1414524+00:00,Seller,50869eb9b5bc56df
2026-08-23T17:25:01.0601287+00:00,Seller,3e16333852b28d56
2026-08-24T14:50:02.0073896+00:00,Seller,52aa9f6a96921670
2026-08-24T16:40:01.8060356+00:00,Seller,05ac16d4b3730178
2026-08-23T05:30:02.6493488+00:00,Seller,726138cd1f2f39c4
2026-08-24T14:30:01.1005736+00:00,Seller,33a17409938df658
2026-08-24T14:50:03.9520266+00:00,Seller,c8adae370c89b21a
2026-07-23T22:10:00.45401+00:00,Seller,9a96540bd0936cdf
2026-07-24T13:58:21.2425065+00:00,Seller,f1bea6be594b7a1d
2026-08-24T19:24:56.8694723+00:00,Seller,a3c7e17310fd474f
2026-07-24T14:50:02.0237529+00:00,Seller,9a2cf0ac92afedd0
2026-07-24T18:25:00.8577756+00:00,Seller,791ee669423c7f79
2026-07-25T15:46:33.4466199+00:00,Seller,330f5412f9a2aeb8
2026-07-26T20:50:01.1539852+00:00,Seller,97ba8ee842d63581
2026-07-24T14:48:02.5389041+00:00,Seller,8bf2c628c9551986
2026-07-24T15:15:21.7055162+00:00,Seller,
2026-07-25T02:30:02.3181734+00:00,Seller,4cca031932c40396
2026-08-24T17:35:01.0796763+00:00,Seller,34d534c70ed9e655
2026-08-24T19:35:02.3587283+00:00,Seller,0e2176612092f0d5
2026-08-24T22:35:00.5005635+00:00,Seller,328061db22d620cb
2026-08-25T14:50:01.0927937+00:00,Seller,0697fa1bb574e3ea
2026-08-25T20:45:01.1312886+00:00,Seller,56a1badedf748df0
2026-07-25T19:30:00.6280506+00:00,Seller,ecb5aabc09b64313
2026-07-27T14:25:00.4274182+00:00,Seller,f55d175c91804593
2026-08-24T22:15:00.8314969+00:00,Seller,b0bc472dfc3ca0be
2026-08-25T00:05:00.7274585+00:00,Seller,1bac7b3c92c03b78
2026-08-25T18:20:02.613279+00:00,Seller,7615791f3f5ff123
2026-08-26T00:51:33.8552344+00:00,Seller,ae8528fbb8f57e26
2026-08-26T15:15:06.266375+00:00,Seller,7beaff3786321da2
2026-07-28T15:25:01.9263927+00:00,Seller,9803f92d260c6d24
2026-07-28T17:52:40.3032682+00:00,Seller,0cea49c30d4586e2
2026-07-28T18:00:04.5229925+00:00,Seller,ab8fbf77139e84ba
2026-09-14T22:55:05.2711604+00:00,Seller,13b35a8e1c71a3de
2026-09-16T00:15:03.9997401+00:00,Seller,f211864c8824ae37
2026-08-27T16:25:04.1539968+00:00,Seller,24bf198f64905426
2026-08-27T17:45:07.2678584+00:00,Seller,694f5a417acf0890
2026-08-27T19:45:06.0987811+00:00,Seller,8ea3a46b5211c02d
2026-08-28T01:44:00.8930589+00:00,Seller,a2ed748cc1233ec9
2026-08-28T01:44:26.0005742+00:00,Seller,71489436b4d66820
2026-09-16T15:35:08.6715656+00:00,Seller,bf4cfae9bb69062a
2026-09-16T22:20:03.13504+00:00,Seller,fb4619272e840daa
2026-09-17T13:44:31.7154184+00:00,Seller,c6c0658a4e1b11bf
2026-09-17T16:45:46.062075+00:00,Seller,
2026-08-28T10:55:08.3724837+00:00,Seller,6fbf724ea72abf56
2026-08-28T17:03:34.394833+00:00,Seller,9ef6cb8ed9dba0ba
2026-08-29T01:55:02.3257819+00:00,Seller,fe24799d414bcd96
2026-08-31T13:45:47.2109077+00:00,Seller,f2f225c9508ff6db
2026-08-31T23:15:04.8142735+00:00,Seller,46d8db49802bcfa6
2026-07-27T13:14:52.268825+00:00,Seller,8c588adb6e22ac8b
2026-07-27T20:49:55.9701393+00:00,Seller,040d21eab6ec77aa
2026-07-28T17:45:03.2727446+00:00,Seller,43c669123fea2f00
2026-08-26T15:00:05.9636998+00:00,Seller,52aa9f6a96921670
2026-08-27T00:40:06.3217432+00:00,Seller,bb3ddfbf759a97df
2026-08-27T16:45:06.1833703+00:00,Seller,b29bc89140636c6e
2026-08-27T19:00:03.8030461+00:00,Seller,acb163943accbb12
2026-07-28T17:54:50.9498143+00:00,Seller,0cea49c30d4586e2
2026-09-14T22:45:04.7216439+00:00,Seller,e3ffdd3ac8b34e30
2026-09-15T17:15:04.3967624+00:00,Seller,ddbdca578d0f61fa
2026-09-16T14:30:08.9350766+00:00,Seller,0193260595d542b9
2026-09-16T17:31:23.1937185+00:00,Seller,2186b1475667d082
2026-08-27T22:00:04.8852114+00:00,Seller,fcac1d2368a3d80d
2026-08-28T01:44:21.9545427+00:00,Seller,e19d4a4fc1ec9a6a
2026-08-28T01:44:36.5744714+00:00,Seller,271fd67e38023704
2026-08-28T13:55:05.8098697+00:00,Mobile estimate,e260d13df7ab980b
2026-08-28T21:20:06.6883865+00:00,Seller,c6e37c1b4a1e520f
2026-08-29T21:00:05.5155438+00:00,Seller,bb9ac4852c2b9921
2026-08-31T17:15:05.9407521+00:00,Seller,c2c010b50fa721e4
2026-09-01T00:50:04.188649+00:00,Seller,48aa3cda343f3f4c
2026-09-01T13:30:04.3877584+00:00,Seller,8d920b98f0f3b20b
2026-09-01T23:45:02.8594009+00:00,Mobile estimate,e260d13df7ab980b
2026-09-17T03:05:04.3095527+00:00,Seller,babd050fe3e41f3b
2026-09-17T15:15:07.0391601+00:00,Seller,a87eaae6f1c69385
2026-09-17T17:09:18.7374405+00:00,Seller,
2026-09-21T16:00:04.441713+00:00,Seller,15fc0c066cbfbe26
2026-09-21T19:10:12.3344158+00:00,Seller,c9aff220d1219956
2026-09-21T20:45:07.6132879+00:00,Seller,8e2954f77f319b3d
2026-09-20T05:15:07.8936723+00:00,Seller,94c95c25bf98a688
2026-09-21T19:10:06.2211358+00:00,Seller,
2026-09-21T19:10:15.0473146+00:00,Seller,5ba290c56b349899
2026-09-21T23:25:06.8310865+00:00,Seller,07ed7a95c8fa5e4f
2026-09-23T18:10:05.218478+00:00,Seller,8e33c760b1ecf55f
2026-09-22T19:35:05.1506612+00:00,Seller,cd645c912e90f069
2026-09-24T12:40:06.5016499+00:00,Seller,eb881edce73005a6
2026-09-25T13:42:58.91425+00:00,Seller,f1bea6be594b7a1d
2026-09-28T16:25:02.6280768+00:00,Seller,c1d3f9c16cceec4b
2026-09-02T14:50:04.8130268+00:00,Seller,dd51d2a3085b51cf
2026-09-02T20:11:35.724372+00:00,Seller,e42bf35b02ee5e3a
2026-09-03T14:00:06.51655+00:00,Seller,ee2aec06706799b2
2026-09-03T18:01:27.842986+00:00,Seller,0830baa993f21943
2026-09-01T01:30:04.1708413+00:00,Seller,ae31c709bf4d5075
2026-09-01T14:45:05.1380789+00:00,Seller,c2c010b50fa721e4
2026-09-02T00:10:05.7203644+00:00,Seller,dead5382c399a5bc
2026-09-02T19:35:34.648511+00:00,Seller,
2026-09-02T22:35:04.8140218+00:00,Seller,
2026-09-24T15:55:07.3441674+00:00,Seller,859a5dfaa3bc0d17
2026-09-28T16:18:39.3973165+00:00,Seller,41ca5d317a1aa51a
2026-09-28T16:33:41.2470688+00:00,Seller,024f61a6870a9311
2026-09-28T17:17:19.7447366+00:00,Seller,ef0fb2573aa4d40f
2026-09-03T20:25:09.0422041+00:00,Seller,9ae2f8b9a2b83ec6
2026-09-28T16:39:05.1479891+00:00,Seller,dd244848693300be
2026-09-28T18:35:04.0359445+00:00,Seller,9700691b22c6912f
2026-09-29T14:05:04.3217092+00:00,Seller,9492d3facae79439
2026-09-29T18:57:04.2424483+00:00,Seller,d22c20282b7e8ef8
2026-09-28T21:55:08.6826677+00:00,Seller,e9472caf83ca6dec
2026-09-29T16:20:55.0992439+00:00,Seller,5acf83fb42c31d2a
2026-09-30T16:40:04.1583792+00:00,Seller,c55256b48033ea9d
2026-10-01T08:20:06.6149916+00:00,Seller,71fac3d9535435a8
2026-10-01T17:05:04.6316129+00:00,Seller,08fad20754f95940
2026-09-03T15:05:09.7480443+00:00,Seller,94436720222a97dd
2026-09-03T18:59:24.5056886+00:00,Seller,
2026-09-03T23:30:15.1444694+00:00,Seller,a671267fe4db183e
2026-09-06T04:50:04.3844711+00:00,Seller,c370a1e7f399e9af
2026-09-08T04:40:05.5146979+00:00,Seller,8ddbda044a086bc3
2026-09-08T20:20:05.0094434+00:00,Seller,d398d18555043ac1
2026-09-09T01:12:04.9097234+00:00,Seller,1c819545529c3ae4
2026-09-09T21:45:07.9781195+00:00,Seller,54a77f734af4951c
2026-09-10T14:45:04.7472779+00:00,Seller,8248c2f9efbc4aa0
2026-10-01T17:23:23.1447984+00:00,Seller,9d896f132dda4f21
2026-10-01T22:35:03.5655528+00:00,Mobile estimate,0d3f87ca85b3a867
2026-10-02T16:25:02.7747398+00:00,Seller,
2026-10-02T19:15:08.7043305+00:00,Seller,a510a80afb162b5b
2026-09-10T20:25:06.2222752+00:00,Seller,cdb890a2400ada01
2026-09-10T21:35:09.8205492+00:00,Seller,7b85a10dbcb0853e
2026-09-10T22:30:05.0274648+00:00,Seller,c1aeca51ea3f7f9c
2026-09-11T01:00:07.2489635+00:00,Seller,e941305fc7a3b02c
2026-09-11T02:20:05.1848962+00:00,Seller,592551c28ec59d9c
2026-09-11T12:35:04.23893+00:00,Seller,0c97af3cd130d782
2026-09-11T15:30:06.5087706+00:00,Seller,f1b450c347825712
2026-09-11T22:40:02.8321037+00:00,Mobile estimate,8c071b6a6b0f6a17
2026-09-14T14:55:08.2201496+00:00,Seller,b9409b82d7d4d5ad
2026-09-14T20:39:26.7106674+00:00,Seller,a43401b43a039409
2026-09-14T22:00:05.6517643+00:00,Seller,52aa9f6a96921670
2026-09-14T22:15:02.0683959+00:00,Seller,
2026-09-30T18:02:10.1132258+00:00,Seller,5a83673c59c91e7a
2026-09-05T17:15:04.6863709+00:00,Seller,6b115f4f8bb34256
2026-09-07T20:30:01.8001017+00:00,Seller,
2026-09-08T15:00:07.3936341+00:00,Seller,1eae0f3fd0bfa1b1
2026-09-08T21:25:06.7505871+00:00,Seller,163ce755de5f5cde
2026-09-09T15:20:06.6651151+00:00,Seller,a07677515b5614fd
2026-10-01T16:40:03.6978523+00:00,Seller,
2026-10-01T17:20:49.4417731+00:00,Seller,f5fe2f8e4661abaf
2026-10-01T21:05:03.6787158+00:00,Seller,b1f6244e326abbb2
2026-10-01T22:57:41.3305521+00:00,Seller,ab8fbf77139e84ba
2026-10-02T17:02:21.6860037+00:00,Seller,
2026-09-10T03:25:03.2305819+00:00,Seller,731e788d86a1d67b
2026-09-10T16:10:06.6346226+00:00,Seller,50f3605560b99513
2026-09-10T21:35:06.8617238+00:00,Seller,affcbb5c2f0c0691
2026-09-10T21:40:06.3764271+00:00,Seller,44a640cbb1ee20f5
2026-09-10T23:35:03.7098614+00:00,Seller,ad9b89aec2e714e9
2026-09-11T01:30:04.5685903+00:00,Seller,d291be3332cacdaf
2026-09-11T02:50:04.5517166+00:00,Seller,ea899c7efcdeff0f
2026-09-11T13:11:31.9204078+00:00,Seller,bb8fc4a4fdeba566
2026-09-11T17:15:03.9817325+00:00,Seller,48aa3cda343f3f4c
2026-09-13T14:20:04.4913003+00:00,Seller,34f3726ba0254db2
2026-09-14T14:55:11.3566629+00:00,Seller,8248c2f9efbc4aa0
2026-09-14T21:35:04.5075902+00:00,Seller,c2228a294a961deb
2026-09-14T22:10:04.0940401+00:00,Seller,3b9ef6c234565049
2026-09-14T22:20:04.1790854+00:00,Seller,26703f68bed5ec90
