Deal ID,Created date,Market code,Stage,Status,Deal value,Channel,Origin,Referral source,UTM source,UTM medium,UTM campaign,UTM content,Agent key
99621,2026-10-02T19:15:08.7043305+00:00,ATL,Lead,Open,,,,www.curbio.com,,,,,a510a80afb162b5b
99620,2026-10-02T17:02:21.6860037+00:00,NVA,Lead,Open,,,,Phone Call,,,,,
99619,2026-10-02T16:25:02.7747398+00:00,BAL,Lead,Open,,,,Inbound Email,Inbound Email,Email,,,
99618,2026-10-01T22:57:41.3305521+00:00,LA,Completed walkthrough,Open,,,,Landing Page,,,,,ab8fbf77139e84ba
99617,2026-10-01T22:35:03.5655528+00:00,LA,Meeting scheduled,Open,,,,Other,,,,,0d3f87ca85b3a867
99616,2026-10-01T21:05:03.6787158+00:00,BAL,Lead,Open,,direct,web_form,landing page,,,,,b1f6244e326abbb2
99615,2026-10-01T17:23:23.1447984+00:00,ATL,Spoke with agent,Open,,,,Phone Call,,,,,9d896f132dda4f21
99614,2026-10-01T17:20:49.4417731+00:00,ATL,Spoke with agent,Open,,,,Phone Call,,,,,f5fe2f8e4661abaf
99613,2026-10-01T17:05:04.6316129+00:00,SEA,Lead,Open,,,,curbio.com/seattle,,,,,08fad20754f95940
99612,2026-10-01T16:40:03.6978523+00:00,ATL,Lead,Lost,,,,Inbound Email,Inbound Email,Email,,,
99611,2026-10-01T08:20:06.6149916+00:00,ATL,Meeting scheduled,Open,,email,web_form,landing page,email,e,nofeedback-sep,,71fac3d9535435a8
99610,2026-09-30T18:02:10.1132258+00:00,BAL,Contract sent,Open,"9,595",,,Other,,,,,5a83673c59c91e7a
99609,2026-09-30T16:40:04.1583792+00:00,NVA,Lead,Lost,,,,www.curbio.com,,,,,c55256b48033ea9d
99608,2026-09-29T18:57:04.2424483+00:00,ATL,Meeting scheduled,Open,,,,Phone Call,,,,,d22c20282b7e8ef8
99607,2026-09-29T16:20:55.0992439+00:00,BAL,Spoke with agent,Open,,,,Phone Call,,,,,5acf83fb42c31d2a
99606,2026-09-29T14:05:04.3217092+00:00,BAL,Spoke with agent,Lost,,,,www.curbio.com,,,,,9492d3facae79439
99604,2026-09-28T21:55:08.6826677+00:00,LA,Spoke with agent,Open,,email,web_form,landing page,email,e,octobermarket-sep,,e9472caf83ca6dec
99603,2026-09-28T18:35:04.0359445+00:00,LA,Lead,Lost,,email,web_form,landing page,email,e,octobermarket-sep,,9700691b22c6912f
99601,2026-09-28T17:17:19.7447366+00:00,ATL,Spoke with agent,Open,,,,Phone Call,,,,,ef0fb2573aa4d40f
99600,2026-09-28T16:39:05.1479891+00:00,ATL,Spoke with agent,Open,,,,Phone Call,,,,,dd244848693300be
99599,2026-09-28T16:33:41.2470688+00:00,ATL,Meeting scheduled,Open,,,,Phone Call,,,,,024f61a6870a9311
99598,2026-09-28T16:25:02.6280768+00:00,BAL,Completed walkthrough,Open,,,,Phone Call,,,,,c1d3f9c16cceec4b
99597,2026-09-28T16:18:39.3973165+00:00,SEA,Proposal sent,Open,"38,497.7",,,Phone Call,,,,,41ca5d317a1aa51a
99596,2026-09-25T13:42:58.91425+00:00,NVA,Waiting on deposit,Open,"29,650.1",,,Other,,,,,f1bea6be594b7a1d
99594,2026-09-24T15:55:07.3441674+00:00,LA,Spoke with agent,Open,,email,web_form,landing page,email,e,nofeedback-sep,,859a5dfaa3bc0d17
99593,2026-09-24T12:40:06.5016499+00:00,DC,Proposal sent,Open,0,,,lonewolf,,,,,eb881edce73005a6
99592,2026-09-23T18:10:05.218478+00:00,ATL,Spoke with agent,Open,,,,www.curbio.com,,,,,8e33c760b1ecf55f
99591,2026-09-22T19:35:05.1506612+00:00,LA,Spoke with agent,Lost,,,,www.curbio.com,,,,,cd645c912e90f069
99590,2026-09-21T23:25:06.8310865+00:00,NVA,Lead,Lost,,,,www.curbio.com,,,,,07ed7a95c8fa5e4f
99589,2026-09-21T20:45:07.6132879+00:00,BAL,Spoke with agent,Lost,,email,web_form,landing page,email,e,therelisting-sep,,8e2954f77f319b3d
99588,2026-09-21T19:10:15.0473146+00:00,BAL,Spoke with agent,Lost,,email,web_form,landing page,email,e,therelisting-sep,,5ba290c56b349899
99587,2026-09-21T19:10:12.3344158+00:00,BAL,Lead,Lost,,email,web_form,landing page,email,e,therelisting-sep,,c9aff220d1219956
99585,2026-09-21T19:10:06.2211358+00:00,BAL,Lead,Lost,,,,Inbound Email,Inbound Email,Email,,,
99582,2026-09-21T16:00:04.441713+00:00,ATL,Lead,Lost,,,,KWOfferings,,,,,15fc0c066cbfbe26
99581,2026-09-20T05:15:07.8936723+00:00,LA,Spoke with agent,Lost,,,,www.curbio.com,,,,,94c95c25bf98a688
99580,2026-09-17T17:09:18.7374405+00:00,SEA,Completed walkthrough,Open,,,,Other,,,,,
99579,2026-09-17T16:45:46.062075+00:00,SEA,Proposal sent,Lost,"12,194.32",,,Other,,,,,
99578,2026-09-17T15:15:07.0391601+00:00,RS,Spoke with agent,Open,,,,www.curbio.com,,,,,a87eaae6f1c69385
99577,2026-09-17T13:44:31.7154184+00:00,BAL,Proposal sent,Lost,"332,543.46",,,Other,,,,,c6c0658a4e1b11bf
99576,2026-09-17T03:05:04.3095527+00:00,DAL,Spoke with agent,Lost,,,,lonewolf,,,,,babd050fe3e41f3b
99574,2026-09-16T22:20:03.13504+00:00,DAL,Completed walkthrough,Open,,,,Other,,,,,fb4619272e840daa
99573,2026-09-16T17:31:23.1937185+00:00,DC,Meeting scheduled,Open,,,,Phone Call,,,,,2186b1475667d082
99572,2026-09-16T15:35:08.6715656+00:00,DAL,Spoke with agent,Lost,,,,lonewolf,,,,,bf4cfae9bb69062a
99571,2026-09-16T14:30:08.9350766+00:00,ATL,Completed walkthrough,Open,,,,www.curbio.com,,,,,0193260595d542b9
99569,2026-09-16T00:15:03.9997401+00:00,LA,Meeting scheduled,Open,,,,Other,,,,,f211864c8824ae37
99568,2026-09-15T17:15:04.3967624+00:00,ATL,Lead,Lost,,,,,,,,,ddbdca578d0f61fa
99567,2026-09-14T22:55:05.2711604+00:00,ATL,Lead,Lost,,email,web_form,landing page,email,e,closethegap-sep,,13b35a8e1c71a3de
99566,2026-09-14T22:45:04.7216439+00:00,DAL,Lead,Lost,,email,web_form,landing page,email,e,closethegap-sep,,e3ffdd3ac8b34e30
99564,2026-09-14T22:20:04.1790854+00:00,BAL,Lead,Lost,,email,web_form,landing page,email,e,closethegap-sep,,26703f68bed5ec90
99563,2026-09-14T22:15:02.0683959+00:00,BAL,Lead,Lost,,,,Inbound Email,Inbound Email,Email,,,
99562,2026-09-14T22:10:04.0940401+00:00,ATL,Lead,Lost,,email,web_form,landing page,email,e,closethegap-sep,,3b9ef6c234565049
99561,2026-09-14T22:00:05.6517643+00:00,BAL,Spoke with agent,Lost,,,,KWOfferings,,,,,52aa9f6a96921670
99560,2026-09-14T21:35:04.5075902+00:00,BAL,Spoke with agent,Lost,,,,www.curbio.com,,,,,c2228a294a961deb
99559,2026-09-14T20:39:26.7106674+00:00,DAL,Meeting scheduled,Lost,,,,Phone Call,,,,,a43401b43a039409
99558,2026-09-14T14:55:11.3566629+00:00,BAL,Lead,Lost,,,,KWOfferings,,,,,8248c2f9efbc4aa0
99557,2026-09-14T14:55:08.2201496+00:00,ATL,Meeting scheduled,Lost,,,,KWOfferings,,,,,b9409b82d7d4d5ad
99556,2026-09-13T14:20:04.4913003+00:00,BAL,Spoke with agent,Lost,,,,Inbound Email,Inbound Email,Email,,,34f3726ba0254db2
99555,2026-09-11T22:40:02.8321037+00:00,ATL,Lead,Lost,,,,,,,,,8c071b6a6b0f6a17
99553,2026-09-11T17:15:03.9817325+00:00,DAL,Lead,Lost,,email,web_form,landing page,email,e,nottoomuch-sep,,48aa3cda343f3f4c
99552,2026-09-11T15:30:06.5087706+00:00,ATL,Meeting scheduled,Open,,,,Inbound Email,Inbound Email,Email,,,f1b450c347825712
99551,2026-09-11T13:11:31.9204078+00:00,NVA,WIP,Won,"25,541.72",,,Other,,,,,bb8fc4a4fdeba566
99550,2026-09-11T12:35:04.23893+00:00,BAL,Lead,Lost,,email,web_form,landing page,email,e,nottoomuch-sep,,0c97af3cd130d782
99549,2026-09-11T02:50:04.5517166+00:00,BAL,Lead,Lost,,,,www.curbio.com,,,,,ea899c7efcdeff0f
99548,2026-09-11T02:20:05.1848962+00:00,BAL,Lead,Lost,,email,web_form,landing page,email,e,nottoomuch-sep,,592551c28ec59d9c
99547,2026-09-11T01:30:04.5685903+00:00,DC,Spoke with agent,Lost,,email,web_form,landing page,email,e,nottoomuch-sep,,d291be3332cacdaf
99546,2026-09-11T01:00:07.2489635+00:00,BAL,Spoke with agent,Lost,,,,Inbound Email,Inbound Email,Email,,,e941305fc7a3b02c
99545,2026-09-10T23:35:03.7098614+00:00,ATL,Lead,Lost,,direct,web_form,landing page,,,,,ad9b89aec2e714e9
99544,2026-09-10T22:30:05.0274648+00:00,NVA,Lead,Lost,,email,web_form,landing page,email,e,nottoomuch-sep,,c1aeca51ea3f7f9c
99543,2026-09-10T21:40:06.3764271+00:00,BAL,Proposal sent,Lost,"64,396.86",email,web_form,landing page,email,e,nottoomuch-sep,,44a640cbb1ee20f5
99542,2026-09-10T21:35:09.8205492+00:00,BAL,Lead,Lost,,email,web_form,landing page,email,e,nottoomuch-sep,,7b85a10dbcb0853e
99541,2026-09-10T21:35:06.8617238+00:00,BAL,Lead,Lost,,email,web_form,landing page,email,e,nottoomuch-sep,,affcbb5c2f0c0691
99540,2026-09-10T20:25:06.2222752+00:00,NVA,Proposal sent,Open,"39,858.62",,,Inbound Email,Inbound Email,Email,,,cdb890a2400ada01
99539,2026-09-10T16:10:06.6346226+00:00,ATL,Spoke with agent,Lost,,,,www.curbio.com,,,,,50f3605560b99513
99537,2026-09-10T14:45:04.7472779+00:00,ATL,Lead,Lost,,,,KWOfferings,,,,,8248c2f9efbc4aa0
99536,2026-09-10T03:25:03.2305819+00:00,BAL,Lead,Lost,,,,Inbound Email,Inbound Email,Email,,,731e788d86a1d67b
99535,2026-09-09T21:45:07.9781195+00:00,SEA,Spoke with agent,Lost,,,,www.curbio.com,,,,,54a77f734af4951c
99534,2026-09-09T15:20:06.6651151+00:00,ATL,Spoke with agent,Lost,,,,curbio.com/atlanta,,,,,a07677515b5614fd
99533,2026-09-09T01:12:04.9097234+00:00,SEA,Contract sent,Open,"42,651.99",,,Other,,,,,1c819545529c3ae4
99532,2026-09-08T21:25:06.7505871+00:00,ATL,Spoke with agent,Lost,,,,www.curbio.com,,,,,163ce755de5f5cde
99531,2026-09-08T20:20:05.0094434+00:00,RS,Spoke with agent,Open,,,,www.curbio.com,,,,,d398d18555043ac1
99528,2026-09-08T15:00:07.3936341+00:00,DC,Proposal sent,Lost,"5,717.8",,,Other,,,,,1eae0f3fd0bfa1b1
99527,2026-09-08T04:40:05.5146979+00:00,BAL,Lead,Lost,,,,www.curbio.com,,,,,8ddbda044a086bc3
99526,2026-09-07T20:30:01.8001017+00:00,BAL,Lead,Lost,,,,Inbound Email,Inbound Email,Email,,,
99524,2026-09-06T04:50:04.3844711+00:00,LA,Spoke with agent,Lost,,,,www.curbio.com,,,,,c370a1e7f399e9af
99523,2026-09-05T17:15:04.6863709+00:00,RS,Lead,Lost,,direct,web_form,eXp realty,,,,,6b115f4f8bb34256
99521,2026-09-03T23:30:15.1444694+00:00,SEA,Lead,Lost,,,,Other,,,,,a671267fe4db183e
99520,2026-09-03T20:25:09.0422041+00:00,DAL,Lead,Open,,email,web_form,landing page,email,e,laborday-sep,,9ae2f8b9a2b83ec6
99517,2026-09-03T18:59:24.5056886+00:00,SEA,Completed,Won,648,,,Other,,,,,
99515,2026-09-03T18:01:27.842986+00:00,NVA,Proposal sent,Open,"32,501.09",,,Other,,,,,0830baa993f21943
99510,2026-09-03T15:05:09.7480443+00:00,LA,Completed walkthrough,Lost,,,,www.curbio.com,,,,,94436720222a97dd
99509,2026-09-03T14:00:06.51655+00:00,RS,Spoke with agent,Open,,,,Other,,,,,ee2aec06706799b2
99508,2026-09-02T22:35:04.8140218+00:00,ATL,Proposal sent,Lost,"72,749.95",,,www.curbio.com,,,,,
99507,2026-09-02T20:11:35.724372+00:00,BAL,Spoke with agent,Lost,,,,Phone Call,,,,,e42bf35b02ee5e3a
99506,2026-09-02T19:35:34.648511+00:00,DAL,Spoke with agent,Lost,,,,Phone Call,,,,,
99504,2026-09-02T14:50:04.8130268+00:00,DAL,Proposal sent,Open,"63,375.4",,,www.curbio.com,,,,,dd51d2a3085b51cf
99503,2026-09-02T00:10:05.7203644+00:00,DAL,Meeting scheduled,Lost,,,,www.curbio.com,,,,,dead5382c399a5bc
99502,2026-09-01T23:45:02.8594009+00:00,NVA,Spoke with agent,Lost,,,,Other,,,,,e260d13df7ab980b
99501,2026-09-01T14:45:05.1380789+00:00,NVA,Spoke with agent,Lost,,,,KWOfferings,,,,,c2c010b50fa721e4
99500,2026-09-01T13:30:04.3877584+00:00,BAL,Lead,Lost,,email,web_form,landing page,email,e,summerend-aug,,8d920b98f0f3b20b
99499,2026-09-01T01:30:04.1708413+00:00,ATL,Lead,Lost,,email,web_form,landing page,email,e,summerend-aug,,ae31c709bf4d5075
99498,2026-09-01T00:50:04.188649+00:00,DAL,Spoke with agent,Lost,,email,web_form,landing page,email,e,summerend-aug,,48aa3cda343f3f4c
99497,2026-08-31T23:15:04.8142735+00:00,BAL,Lead,Lost,,email,web_form,landing page,email,e,summerend-aug,,46d8db49802bcfa6
99496,2026-08-31T17:15:05.9407521+00:00,NVA,Spoke with agent,Lost,,,,KWOfferings,,,,,c2c010b50fa721e4
99495,2026-08-31T13:45:47.2109077+00:00,DAL,Meeting scheduled,Lost,,,,Phone Call,,,,,f2f225c9508ff6db
99494,2026-08-29T21:00:05.5155438+00:00,NVA,Spoke with agent,Lost,,,,www.curbio.com,,,,,bb9ac4852c2b9921
99493,2026-08-29T01:55:02.3257819+00:00,LA,Spoke with agent,Lost,,,,Inbound Email,Inbound Email,Email,,,fe24799d414bcd96
99492,2026-08-28T21:20:06.6883865+00:00,BAL,Proposal sent,Open,0,,,www.curbio.com,,,,,c6e37c1b4a1e520f
99491,2026-08-28T17:03:34.394833+00:00,BAL,Proposal sent,Lost,"54,088.47",,,Phone Call,,,,,9ef6cb8ed9dba0ba
99490,2026-08-28T13:55:05.8098697+00:00,BAL,Spoke with agent,Lost,,,,Other,,,,,e260d13df7ab980b
99489,2026-08-28T10:55:08.3724837+00:00,BAL,Lead,Lost,,email,web_form,landing page,email,e,simpleask-aug,,6fbf724ea72abf56
99487,2026-08-28T01:44:36.5744714+00:00,ATL,Lead,Lost,,partnership,web_form,eXp realty,partnership,,exp-partner-landingpage,,271fd67e38023704
99485,2026-08-28T01:44:26.0005742+00:00,BAL,Lead,Lost,,email,web_form,landing page,email,e,simpleask-aug,,71489436b4d66820
99484,2026-08-28T01:44:21.9545427+00:00,ATL,Lead,Lost,,email,web_form,landing page,email,e,simpleask-aug,,e19d4a4fc1ec9a6a
99482,2026-08-28T01:44:00.8930589+00:00,ATL,Lead,Lost,,,,Inbound Email,Inbound Email,Email,,,a2ed748cc1233ec9
99480,2026-08-27T22:00:04.8852114+00:00,BAL,Lead,Lost,,email,,landing page,email,e,simpleask-aug,,fcac1d2368a3d80d
99479,2026-08-27T19:45:06.0987811+00:00,DC,Lead,Lost,,,,www.curbio.com,,,,,8ea3a46b5211c02d
99478,2026-08-27T19:00:03.8030461+00:00,SEA,Completed walkthrough,Lost,0,,,Other,,,,,acb163943accbb12
99477,2026-08-27T17:45:07.2678584+00:00,NVA,Lead,Lost,,,,www.curbio.com,,,,,694f5a417acf0890
99476,2026-08-27T16:45:06.1833703+00:00,ATL,Lead,Lost,,,,curbio.com/atlanta,,,,,b29bc89140636c6e
99475,2026-08-27T16:25:04.1539968+00:00,ATL,Lead,Lost,,,,www.curbio.com,,,,,24bf198f64905426
99473,2026-08-27T00:40:06.3217432+00:00,LA,Proposal sent,Lost,"29,102.96",,,www.curbio.com,,,,,bb3ddfbf759a97df
99472,2026-08-26T15:15:06.266375+00:00,ATL,Spoke with agent,Lost,,,,www.curbio.com,,,,,7beaff3786321da2
99471,2026-08-26T15:00:05.9636998+00:00,NVA,Spoke with agent,Lost,,,,KWOfferings,,,,,52aa9f6a96921670
99469,2026-08-26T00:51:33.8552344+00:00,SEA,WIP,Won,"15,508.44",,,Other,,,,,ae8528fbb8f57e26
99468,2026-08-25T20:45:01.1312886+00:00,LA,Proposal sent,Open,"45,179.16",,,www.curbio.com,,,,,56a1badedf748df0
99467,2026-08-25T18:20:02.613279+00:00,DC,Lead,Lost,,,,www.curbio.com,,,,,7615791f3f5ff123
99466,2026-08-25T14:50:01.0927937+00:00,NVA,Spoke with agent,Lost,,,,KWOfferings,,,,,0697fa1bb574e3ea
99465,2026-08-25T00:05:00.7274585+00:00,BAL,Lead,Lost,,email,,landing page,email,e,sundaynoshow-aug,,1bac7b3c92c03b78
99464,2026-08-24T22:35:00.5005635+00:00,BAL,Lead,Lost,,email,,landing page,email,e,sundaynoshow-aug,,328061db22d620cb
99463,2026-08-24T22:15:00.8314969+00:00,BAL,Spoke with agent,Lost,,email,,landing page,email,e,sundaynoshow-aug,,b0bc472dfc3ca0be
99462,2026-08-24T19:35:02.3587283+00:00,DAL,Spoke with agent,Lost,,,,www.curbio.com,,,,,0e2176612092f0d5
99461,2026-08-24T19:24:56.8694723+00:00,ATL,Lead,Lost,,,,Phone Call,,,,,a3c7e17310fd474f
99460,2026-08-24T17:35:01.0796763+00:00,ATL,Lead,Lost,,,,www.curbio.com,,,,,34d534c70ed9e655
99459,2026-08-24T16:40:01.8060356+00:00,LA,Proposal sent,Lost,"91,349.07",,,www.curbio.com,,,,,05ac16d4b3730178
99458,2026-08-24T14:50:03.9520266+00:00,ATL,Lead,Lost,,,,KWOfferings,,,,,c8adae370c89b21a
99457,2026-08-24T14:50:02.0073896+00:00,BAL,Spoke with agent,Lost,,,,KWOfferings,,,,,52aa9f6a96921670
99456,2026-08-24T14:30:01.1005736+00:00,DAL,Completed walkthrough,Lost,"100,007.67",,,www.curbio.com,,,,,33a17409938df658
99455,2026-08-23T17:25:01.0601287+00:00,ATL,Spoke with agent,Open,,,,lonewolf,,,,,3e16333852b28d56
99454,2026-08-23T05:30:02.6493488+00:00,SEA,Completed walkthrough,Lost,"42,336.95",,,www.curbio.com,,,,,726138cd1f2f39c4
99453,2026-08-22T17:33:14.8927009+00:00,NVA,WIP,Won,"5,506.38",,,Phone Call,,,,,5acf83fb42c31d2a
99452,2026-08-21T17:37:12.1122248+00:00,ATL,Lead,Lost,,,,Phone Call,,,,,0e32488349c9bf08
99451,2026-08-21T17:10:01.0069175+00:00,LA,Proposal sent,Open,"58,586.05",,,www.curbio.com,,,,,ab83fcad0ed6d60f
99450,2026-08-21T13:55:05.742049+00:00,ATL,Lead,Lost,,partnership,,eXp realty,partnership,,exp-partner-landingpage,,3afcd85f822b4b7a
99449,2026-08-21T05:45:03.5620089+00:00,LA,Lead,Lost,,partnership,,eXp realty,partnership,,exp-partner-landingpage,,a344837c6cff1a5e
99448,2026-08-20T22:30:02.1654308+00:00,SEA,WIP,Won,"30,222.34",,,www.curbio.com,,,,,e552bd4856bbc0d8
99446,2026-08-20T18:20:34.3450545+00:00,SEA,Lead,Lost,,partnership,,eXp realty,partnership,,exp-partner-landingpage,,3cf8ad1765cf5782
99445,2026-08-20T18:20:28.464004+00:00,DAL,Spoke with agent,Lost,,partnership,,eXp realty,partnership,,exp-partner-landingpage,,d383c8f06bbe5015
99443,2026-08-20T16:42:09.5286678+00:00,ATL,Spoke with agent,Lost,,,,Phone Call,,,,,a089b584fb8e3c5f
99442,2026-08-20T16:40:07.0775342+00:00,DAL,Lead,Lost,,partnership,,eXp realty,partnership,,exp-partner-landingpage,,6a437d72da7ef41f
99441,2026-08-20T16:15:12.2616827+00:00,DAL,Completed walkthrough,Lost,"17,551.7",,,Phone Call,,,,,750f6e57e52b87be
99440,2026-08-20T16:05:19.3429368+00:00,DAL,Design,Won,"14,960.2",,,Other,,,,,0cea49c30d4586e2
99439,2026-08-20T14:35:01.6631481+00:00,BAL,Spoke with agent,Lost,,,,www.curbio.com,,,,,df1b267bfd1035a7
99437,2026-08-19T20:40:02.3109335+00:00,DAL,Spoke with agent,Lost,,,,www.curbio.com,,,,,62aeac5c184df8fe
99436,2026-08-19T18:10:01.5946639+00:00,DAL,Spoke with agent,Lost,,,,www.curbio.com,,,,,219704ace30a1bcc
99435,2026-08-19T14:40:03.7097718+00:00,DAL,Spoke with agent,Open,,,,www.curbio.com,,,,,5e5feff8504accb8
99434,2026-08-19T14:35:01.2061652+00:00,ATL,Lead,Lost,,,,curbio.com/atlanta,,,,,05e2301f33dcc4e4
99433,2026-08-19T05:15:04.9788784+00:00,DAL,Lead,Lost,,partnership,,eXp realty,partnership,,exp-partner-landingpage,,4f08bbb5b10cd857
99432,2026-08-18T22:50:01.034404+00:00,LA,Proposal sent,Open,"92,615.57",,,www.curbio.com,,,,,9aec559b828aaf82
99431,2026-08-18T22:04:10.3904593+00:00,ATL,Spoke with agent,Open,,,,Phone Call,,,,,758ddd568bd32c16
99430,2026-08-18T19:50:07.9168235+00:00,ATL,Lead,Lost,,,,,,,,,a77f67e234208932
99429,2026-08-18T17:50:01.0807685+00:00,NVA,Lead,Lost,,,,www.curbio.com,,,,,eb1a770072ff8703
99428,2026-08-18T17:25:02.6825859+00:00,ATL,Meeting scheduled,Lost,,,,lonewolf,,,,,f780c40698b0aff2
99427,2026-08-18T16:55:01.9714592+00:00,BAL,Lead,Lost,,,,www.curbio.com,,,,,c3baf249d9119194
99426,2026-08-18T14:47:26.5271176+00:00,DAL,Completed walkthrough,Lost,"63,074.97",,,Phone Call,,,,,9fb42628026890f3
99424,2026-08-17T22:51:01.8788017+00:00,RS,Contract sent,Lost,"3,686.82",,,Other,,,,,2c6958d3fb1ea91c
99423,2026-08-17T22:12:35.4420047+00:00,ATL,Spoke with agent,Lost,,,,Phone Call,,,,,cde50680b01e310e
99422,2026-08-17T21:42:26.9787266+00:00,LA,Meeting scheduled,Lost,,,,Phone Call,,,,,f6637e85c8b387d2
99421,2026-08-17T20:25:15.3589909+00:00,BAL,Proposal sent,Lost,0,,,Inbound Email,Inbound Email,Email,,,a55cbe1f0f834006
99420,2026-08-17T20:00:07.6106693+00:00,ATL,Proposal sent,Lost,"27,776.36",,,www.curbio.com,,,,,b8d979d399d920fd
99419,2026-08-17T17:50:01.1501605+00:00,ATL,Meeting scheduled,Lost,,,,www.curbio.com,,,,,7f6fb87e6bb5ba32
99418,2026-08-17T14:20:13.9157631+00:00,BAL,Lead,Lost,,,,www.curbio.com,,,,,53ff4cba7a76c9d3
99417,2026-08-14T20:16:59.1785088+00:00,BAL,Proposal sent,Lost,"63,192.07",,,Other,,,,,36b05324ebc895ea
99416,2026-08-14T14:43:52.2836222+00:00,DC,Completed walkthrough,Lost,,,,Other,,,,,
99412,2026-08-14T01:15:13.1219047+00:00,NVA,Meeting scheduled,Lost,,,,Inbound Email,Inbound Email,Email,,,cdb890a2400ada01
99411,2026-08-13T20:10:00.6699658+00:00,BAL,Lead,Lost,,direct,,landing page,mailchimp,email,MARKET-jun26,,3e4335f38ada7c79
99410,2026-08-13T19:25:14.9587952+00:00,BAL,Lead,Lost,,,,Inbound Email,Inbound Email,Email,,,
99409,2026-08-13T18:35:01.1616327+00:00,NVA,Proposal sent,Lost,"33,330.48",,,lonewolf,,,,,82850dc6722320b0
99408,2026-08-13T18:05:00.8287338+00:00,ATL,Lead,Lost,,,,KWOfferings,,,,,a7c850b35f9b8ff0
99407,2026-08-13T17:40:02.3959866+00:00,SEA,Proposal sent,Open,"29,727.06",,,www.curbio.com,,,,,26bbb197f3386d96
99406,2026-08-13T01:13:35.5635453+00:00,SEA,Proposal sent,Lost,"17,119.68",,,Other,,,,,533c70b18da4604b
99405,2026-08-12T22:55:01.1138142+00:00,ATL,Spoke with agent,Lost,,,,curbio.com/atlanta,,,,,18cc902d10879e1b
99404,2026-08-12T21:25:00.8028839+00:00,BAL,Proposal sent,Lost,"30,971.9",direct,,landing page,,,,,a716441068f9e40d
99403,2026-08-12T20:14:02.3255988+00:00,DAL,Meeting scheduled,Lost,,,,Phone Call,,,,,64e630229f3d1239
99402,2026-08-12T18:25:02.610504+00:00,ATL,Lead,Lost,,email,,landing page,email,e,july4th-jul,,93bfbbe4f9b3adbd
99401,2026-08-12T18:25:01.0302929+00:00,ATL,Lead,Lost,,email,,landing page,email,e,july4th-jul,,3f61c3306dc72776
99400,2026-08-12T16:05:01.4009219+00:00,BAL,Lead,Lost,,,,www.curbio.com,,,,,1d1224abbd21819b
99399,2026-08-11T20:32:09.4356717+00:00,BAL,Spoke with agent,Lost,,,,Phone Call,,,,,fa242f12d5c9ac1f
99398,2026-08-11T18:51:54.5219637+00:00,LA,Proposal sent,Lost,"8,240",,,Phone Call,,,,,f679558ba0d58b64
99397,2026-08-11T14:35:43.379722+00:00,DAL,Spoke with agent,Lost,,,,lonewolf,,,,,6986c43bc526d129
99396,2026-08-11T14:18:07.7359519+00:00,DC,Meeting scheduled,Lost,,,,Phone Call,,,,,
99395,2026-08-11T12:25:32.8508371+00:00,BAL,Spoke with agent,Lost,,email,,landing page,email,e,phototax-aug,,289a6f26f27f3b76
99394,2026-08-11T12:25:25.2062677+00:00,BAL,Lead,Lost,,email,,landing page,email,e,phototax-aug,,c6c0658a4e1b11bf
99393,2026-08-11T08:35:00.9350079+00:00,BAL,Lead,Lost,,email,,landing page,email,e,phototax-aug,,82e391096184ded7
99392,2026-08-11T04:30:02.6265169+00:00,DAL,Spoke with agent,Lost,,email,,landing page,email,e,phototax-aug,,7afe1932a94a1a20
99391,2026-08-11T02:15:02.9224252+00:00,DC,Completed walkthrough,Lost,,,,www.curbio.com,,,,,60613b8ff2493481
99390,2026-08-11T02:10:45.8054542+00:00,SEA,Completed walkthrough,Open,"15,072.1",,,Landing Page,,,,,
99389,2026-08-10T23:05:00.6391773+00:00,DC,Spoke with agent,Lost,,email,,landing page,email,e,phototax-aug,,08a753c9e7ecc266
99388,2026-08-10T22:59:04.73709+00:00,RS,Spoke with agent,Lost,,,,Phone Call,,,,,e66e7a2700e08090
99387,2026-08-10T22:45:12.70721+00:00,BAL,Lead,Lost,,,,Inbound Email,Inbound Email,Email,,,
99385,2026-08-10T18:35:03.6843853+00:00,ATL,Lead,Lost,,,,www.curbio.com,,,,,873755bfbb12b0af
99384,2026-08-10T18:05:43.0974628+00:00,SEA,Completed,Won,"13,840.74",,,Other,,,,,
99383,2026-08-10T17:36:57.1836437+00:00,BAL,Proposal sent,Lost,0,,,Phone Call,,,,,b09a09b35d2a39fa
99382,2026-08-10T14:53:26.9395494+00:00,BAL,Proposal sent,Lost,0,,,Phone Call,,,,,facf1e4b245586b3
99381,2026-08-10T13:00:05.2854187+00:00,BAL,Lead,Lost,,,,www.curbio.com,,,,,f154ee16cc73a3a4
99380,2026-08-10T12:45:01.1559027+00:00,BAL,Lead,Lost,,,,curbio.com/maryland,,,,,bfde51783eed35a0
99379,2026-08-10T04:00:13.6173852+00:00,RS,Spoke with agent,Lost,,,,Exp,,,,,d9ec710216ae2160
99378,2026-08-08T22:45:01.9779197+00:00,BAL,Lead,Lost,,email,,landing page,email,e,easytip-jul,,f9edbf93318e54ff
99377,2026-08-08T12:45:01.3537224+00:00,NVA,Lead,Lost,,,,www.curbio.com,,,,,c6a2591a4f3d81b6
99376,2026-08-07T02:00:19.5941585+00:00,RS,Spoke with agent,Lost,,,,Other,,,,,914b62a0a601a764
99375,2026-08-06T22:30:15.2902935+00:00,BAL,Spoke with agent,Lost,,,,Inbound Email,Inbound Email,Email,,,
99373,2026-08-06T22:00:13.4132337+00:00,BAL,Lead,Lost,,,,Inbound Email,Inbound Email,Email,,,
99372,2026-08-06T11:25:50.2618443+00:00,BAL,Spoke with agent,Lost,,email,,landing page,email,e,3changes-aug,,ac2c9892df4b30a6
99371,2026-08-05T21:36:24.5121868+00:00,BAL,Spoke with agent,Lost,,,,Phone Call,,,,,4b1473de816a71a7
99370,2026-08-05T17:05:08.6945612+00:00,DAL,Proposal sent,Lost,"12,758.21",,,www.curbio.com,,,,,30285a3529b1688f
99369,2026-08-05T07:05:01.059374+00:00,LA,Proposal sent,Open,"41,762",,,www.curbio.com,,,,,567407f61129032d
99368,2026-08-05T00:50:02.3137022+00:00,DAL,Lead,Lost,,,,www.curbio.com,,,,,6d20e7ec90f33c84
99367,2026-08-04T18:00:04.7422653+00:00,ATL,Lead,Lost,,,,www.curbio.com,,,,,37aef98246460961
99365,2026-08-04T16:58:10.9473658+00:00,DAL,Spoke with agent,Lost,,,,Phone Call,,,,,842589016e29a868
99363,2026-08-04T15:25:01.405197+00:00,ATL,Meeting scheduled,Lost,,,,AtlantaLP,,,,,cb73badb72a97bd0
99362,2026-08-04T14:35:01.9749439+00:00,BAL,Spoke with agent,Lost,,,,www.curbio.com,,,,,f482f3a34c1e95e5
99361,2026-08-04T13:44:59.0892607+00:00,LA,WIP,Won,"43,083.89",,,Phone Call,,,,,3eb5cc01251b409a
99360,2026-08-03T21:30:00.8431693+00:00,BAL,Lead,Lost,,email,,landing page,email,e,3changes-aug,,859bfe0ff2f36bb8
99359,2026-08-03T20:55:01.1766681+00:00,ATL,Lead,Lost,,email,,landing page,email,e,3changes-aug,,d8d357dab5307faa
99358,2026-08-03T20:20:05.54684+00:00,ATL,Lead,Lost,,email,,landing page,email,e,3changes-aug,,3fb42067e84c2706
99357,2026-08-03T10:00:08.4372649+00:00,LA,Spoke with agent,Lost,,,,www.curbio.com,,,,,6d73e3e47caec017
99354,2026-07-31T00:25:00.6185116+00:00,ATL,Meeting scheduled,Lost,,email,,landing page,email,e,easytip-jul,,6015a9afb3e3e2ca
99353,2026-07-30T23:50:01.1003167+00:00,ATL,Spoke with agent,Lost,,,,www.curbio.com,,,,,8e725270f41a2369
99351,2026-07-30T23:10:00.9555612+00:00,BAL,Lead,Lost,,email,,landing page,email,e,easytip-jul,,fc2f86c45f55a4b8
99350,2026-07-30T21:55:02.0122009+00:00,ATL,Lead,Lost,,email,,landing page,email,e,easytip-jul,,bbb279ec2f691caa
99349,2026-07-30T21:35:01.6014582+00:00,BAL,Lead,Lost,,email,,landing page,email,e,easytip-jul,,8cb9924475d6f6a0
99348,2026-07-30T21:35:00.6078043+00:00,DAL,Lead,Lost,,email,,landing page,email,e,easytip-jul,,a4885a48960d26a2
99347,2026-07-30T21:30:00.658709+00:00,ATL,Spoke with agent,Lost,,email,,landing page,email,e,easytip-jul,,0ff0e4febcd3815f
99346,2026-07-30T21:15:00.7547009+00:00,BAL,Lead,Lost,,direct,,landing page,,,,,b09131cc9f046dc7
99344,2026-07-30T18:40:05.2726115+00:00,BAL,Proposal sent,Lost,0,,,www.curbio.com,,,,,f516d827848c4f35
99343,2026-07-30T18:25:01.9122521+00:00,ATL,Lead,Lost,,,,www.curbio.com,,,,,f2b49c61d8a8c65c
99342,2026-07-30T15:35:01.8710954+00:00,ATL,Design,Won,"67,661.53",,,Other,,,,,1ef5640416886c5f
99340,2026-07-29T18:17:02.2060339+00:00,LA,WIP,Won,"24,831.46",,,Other,,,,,a072d821487dfdf5
99337,2026-07-28T21:10:04.4958843+00:00,ATL,WIP,Won,"35,536.44",,,AtlantaLP,,,,,6df5a5abc65ad1f9
99334,2026-07-28T18:00:04.5229925+00:00,LA,Lead,Lost,,email,,landing page,email,e,aroundthecorner-jul,,ab8fbf77139e84ba
99333,2026-07-28T17:54:50.9498143+00:00,DAL,Proposal sent,Lost,"17,867.25",,,Other,,,,,0cea49c30d4586e2
99332,2026-07-28T17:52:40.3032682+00:00,DAL,Proposal sent,Lost,"3,264.38",,,Other,,,,,0cea49c30d4586e2
99331,2026-07-28T17:45:03.2727446+00:00,ATL,Spoke with agent,Lost,,,,Landing Page,,,,,43c669123fea2f00
99329,2026-07-28T15:25:01.9263927+00:00,BAL,Lead,Lost,,email,,landing page,email,e,honestly-jul,,9803f92d260c6d24
99322,2026-07-27T20:49:55.9701393+00:00,ATL,Lead,Lost,,,,Phone Call,,,,,040d21eab6ec77aa
99321,2026-07-27T14:25:00.4274182+00:00,DAL,Proposal sent,Lost,"7,476.6",,,www.curbio.com,,,,,f55d175c91804593
99320,2026-07-27T13:14:52.268825+00:00,DC,Proposal sent,Lost,"43,145.9",,,Other,,,,,8c588adb6e22ac8b
99319,2026-07-26T20:50:01.1539852+00:00,BAL,Lead,Lost,,,,HoustonLP,,,,,97ba8ee842d63581
99318,2026-07-25T19:30:00.6280506+00:00,BAL,Lead,Lost,,,,Other,,,,,ecb5aabc09b64313
99317,2026-07-25T15:46:33.4466199+00:00,DC,Completed walkthrough,Lost,,,,Phone Call,,,,,330f5412f9a2aeb8
99316,2026-07-25T02:30:02.3181734+00:00,ATL,Lead,Lost,,,,www.curbio.com,,,,,4cca031932c40396
99315,2026-07-24T18:25:00.8577756+00:00,BAL,Lead,Lost,,email,,landing page,email,e,honestly-jul,,791ee669423c7f79
99314,2026-07-24T15:15:21.7055162+00:00,ATL,Spoke with agent,Lost,,,,Phone Call,,,,,
99313,2026-07-24T14:50:02.0237529+00:00,BAL,Spoke with agent,Lost,,email,,landing page,email,e,honestly-jul,,9a2cf0ac92afedd0
99312,2026-07-24T14:48:02.5389041+00:00,NVA,Spoke with agent,Lost,,,,Other,,,,,8bf2c628c9551986
99311,2026-07-24T14:30:01.1414524+00:00,DC,Proposal sent,Lost,0,,,www.curbio.com,,,,,50869eb9b5bc56df
99310,2026-07-24T13:58:21.2425065+00:00,NVA,Completed,Won,"16,000",,,Other,,,,,f1bea6be594b7a1d
99309,2026-07-24T12:10:13.3020555+00:00,ATL,Lead,Lost,,,,Inbound Email,Inbound Email,Email,,,
99308,2026-07-23T22:10:00.45401+00:00,BAL,Lead,Lost,,email,,landing page,email,e,honestly-jul,,9a96540bd0936cdf
99307,2026-07-23T22:05:00.4779413+00:00,BAL,Spoke with agent,Lost,,email,,landing page,email,e,honestly-jul,,98daae977c32ee0d
99304,2026-07-23T21:55:02.6616918+00:00,BAL,Lead,Lost,,email,,landing page,email,e,honestly-jul,,99782c3b31ee24cd
99302,2026-07-23T20:30:01.7461736+00:00,ATL,Lead,Lost,,,,www.curbio.com,,,,,c3152430bc3eda6b
99301,2026-07-23T20:00:08.3828066+00:00,LA,Spoke with agent,Lost,,,,www.curbio.com,,,,,f0b84f860650f5d1
99300,2026-07-23T18:10:57.7895014+00:00,DAL,Completed walkthrough,Lost,"17,516.68",,,Phone Call,,,,,f03b7cad4cb1513b
99299,2026-07-23T16:15:01.3838418+00:00,DAL,Lead,Lost,,,,www.curbio.com,,,,,aa6573eb04e60204
99294,2026-07-22T18:32:35.3563891+00:00,NVA,Proposal sent,Lost,"12,400",,,Other,,,,,abf477fd0dbe6dea
99293,2026-07-22T16:35:05.473283+00:00,DAL,Spoke with agent,Lost,,,,Phone Call,,,,,5681479a3a9d5280
99287,2026-07-22T14:35:14.1711326+00:00,ATL,Spoke with agent,Lost,,,,Inbound Email,Inbound Email,Email,,,94f9b9a297b00ee2
99279,2026-07-21T20:44:05.5174705+00:00,DAL,Completed walkthrough,Lost,,,,Phone Call,,,,,133eea045e13f9f6
99277,2026-07-21T16:40:08.6166573+00:00,ATL,Lead,Lost,,,,www.curbio.com,,,,,3d80d63b6af23de4
99276,2026-07-20T22:45:01.3256342+00:00,LA,Spoke with agent,Lost,,,,www.curbio.com,,,,,aad988825c4e969e
99275,2026-07-20T16:40:04.9118912+00:00,LA,Lead,Lost,,,,www.curbio.com,,,,,7042ca97e39126e8
99274,2026-07-18T05:45:01.354441+00:00,NVA,Lead,Lost,,email,,landing page,email,e,price-jul ,,5cfaa87bda24dcf0
99273,2026-07-17T18:51:26.9979002+00:00,BAL,Proposal sent,Lost,0,,,Phone Call,,,,,304aeb92b6b8d29b
99272,2026-07-17T18:44:12.4551274+00:00,DAL,Spoke with agent,Lost,,,,Phone Call,,,,,0cea49c30d4586e2
99269,2026-07-17T17:29:03.3881841+00:00,ATL,Completed walkthrough,Lost,"16,204.4",,,Landing Page,,,,,a90c56281c004ea4
99268,2026-07-17T16:21:52.1206554+00:00,NVA,Spoke with agent,Lost,,,,Phone Call,,,,,9eb903595f2a1a9e
99267,2026-07-17T16:15:01.9909968+00:00,BAL,Lead,Lost,,email,,landing page,email,e,firstimpression-jul,,2ce8e91cea7479e5
99266,2026-07-17T13:40:03.3321767+00:00,ATL,Spoke with agent,Lost,,,,curbio.com/atlanta,,,,,24bf198f64905426
99264,2026-07-16T22:10:39.8643543+00:00,ATL,Lead,Lost,,,,Inbound Email,Inbound Email,Email,,,ae31c709bf4d5075
99262,2026-07-15T20:00:04.0163355+00:00,DAL,Design,Won,"19,891.31",,,www.curbio.com,,,,,6d701d5a3f59bed5
99261,2026-07-15T19:25:01.0729257+00:00,DAL,Completed walkthrough,Lost,,,,curbio.com/dallas,,,,,a7f0498e2d6074ec
99260,2026-07-15T16:00:07.0925109+00:00,DC,Spoke with agent,Lost,,,,Other,,,,,d81638e82d0b8225
99259,2026-07-15T13:46:57.5803258+00:00,BAL,Proposal sent,Lost,"47,239.72",,,Other,,,,,36b05324ebc895ea
99257,2026-07-14T23:00:02.5074679+00:00,NVA,Spoke with agent,Lost,,email,,landing page,email,e,price-jul ,,d18a484913edcdf3
99256,2026-07-14T19:55:28.8978747+00:00,DC,Proposal sent,Lost,"33,111.56",,,Other,,,,,d6838634782095af
99255,2026-07-14T19:33:30.8203972+00:00,BAL,Proposal sent,Lost,"7,539.78",,,Other,,,,,d6838634782095af
99254,2026-07-14T02:45:01.4629091+00:00,NVA,Lead,Lost,,email,,landing page,email,e,price-jul ,,0bc811a1a2e11213
99253,2026-07-14T00:40:04.8938505+00:00,NVA,Proposal sent,Lost,0,email,,landing page,email,e,price-jul ,,f1bea6be594b7a1d
99250,2026-07-13T21:10:00.6567698+00:00,BAL,Spoke with agent,Lost,,email,,landing page,email,e,price-jul ,,1e96dabfb40cd367
99249,2026-07-13T18:55:01.1020606+00:00,RS,Spoke with agent,Lost,,,,KWOfferings,,,,,43c70758d71bb44b
99248,2026-07-12T07:30:01.2651544+00:00,LA,Spoke with agent,Open,,,,www.curbio.com,,,,,a72becf7326065ab
99247,2026-07-11T23:25:00.8634254+00:00,BAL,Lead,Lost,,email,,landing page,email,e,quicktip-jul,,c26257a972603a51
99245,2026-07-10T19:15:01.3429947+00:00,BAL,Lead,Lost,,email,,landing page,email,e,quicktip-jul,,ba126321384cc9e7
99244,2026-07-10T14:54:39.8589012+00:00,DAL,Completed walkthrough,Lost,"10,661.72",,,Other,,,,,f83e61a440b9ac43
99243,2026-07-10T12:40:39.4059352+00:00,BAL,Spoke with agent,Lost,,email,,landing page,email,e,quicktip-jul,,7ee02ac3fa8636c0
99242,2026-07-10T03:15:16.5656983+00:00,ATL,Lead,Lost,,,,Inbound Email,Inbound Email,Email,,,
99241,2026-07-10T01:05:01.0156999+00:00,BAL,Spoke with agent,Lost,,,,www.curbio.com,,,,,abe34d05c4e4efe4
99240,2026-07-09T23:00:15.9867568+00:00,BAL,Spoke with agent,Lost,,,,Inbound Email,Inbound Email,Email,,,ffd70f5966e61b83
99239,2026-07-09T22:40:02.2096733+00:00,DAL,Proposal sent,Lost,"50,758.57",,,curbio.com/dallas,,,,,770a56d9ebcf311e
99238,2026-07-09T21:35:16.0721889+00:00,BAL,Spoke with agent,Lost,,,,Inbound Email,Inbound Email,Email,,,803ee08ff976cda9
99237,2026-07-09T18:10:01.9450998+00:00,NVA,Proposal sent,Lost,"56,930.09",,,KWOfferings,,,,,0a207313d8dfcdb9
99236,2026-07-09T17:05:00.446355+00:00,DAL,Proposal sent,Lost,"28,917.94",,,Other,,,,,bdd7c95c2e6eb72d
99235,2026-07-09T14:50:01.0486953+00:00,BAL,Proposal sent,Lost,"21,533.15",,,www.curbio.com,,,,,24faeb9b4e966801
99234,2026-07-08T22:40:03.5675382+00:00,LA,Proposal sent,Lost,"41,721.04",,,lonewolf,,,,,3f640b7559d3b77a
99232,2026-07-07T20:55:07.7092304+00:00,ATL,Spoke with agent,Lost,,,,Inbound Email,Inbound Email,Email,,,079400eded940a57
99231,2026-07-07T20:50:01.089874+00:00,BAL,Lead,Lost,,email,,landing page,email,e,halfway-jul ,,791ee669423c7f79
99230,2026-07-07T18:50:01.8535437+00:00,NVA,Lead,Lost,,email,,landing page,email,e,halfway-jul ,,96f497756c0fe1c4
99229,2026-07-07T14:40:03.9241831+00:00,LA,WIP,Won,"32,339.13",,,www.curbio.com,,,,,0c409723fbf3f312
99228,2026-07-07T14:30:01.2532069+00:00,DAL,Spoke with agent,Lost,,,,www.curbio.com,,,,,546744b366fdeddd
99227,2026-07-07T03:31:58.0138696+00:00,DAL,WIP,Won,"24,895.63",,,Phone Call,,,,,d0b0984edf6af164
99226,2026-07-06T22:25:00.9743528+00:00,ATL,Spoke with agent,Lost,,,,www.curbio.com,,,,,a736cd4b21d54edc
99225,2026-07-06T18:35:01.8708645+00:00,BAL,Lead,Lost,,email,,landing page,email,e,july4th-jul,,ec822dbf9d7f9a8f
99224,2026-07-06T17:45:01.137528+00:00,ATL,Design,Won,"42,998.79",,,www.curbio.com,,,,,f272f59ea884a243
99223,2026-07-06T15:45:01.1711602+00:00,ATL,Spoke with agent,Lost,,,,KWOfferings,,,,,4b8b267c9f821732
99222,2026-07-06T14:25:01.1699729+00:00,ATL,Spoke with agent,Lost,,,,AtlantaLP,,,,,1ccf4dc29df6cf91
99221,2026-07-04T15:25:02.5333985+00:00,BAL,Spoke with agent,Lost,,,,www.curbio.com,,,,,173f501f05b1cdaa
99219,2026-07-03T21:30:00.9838814+00:00,DAL,Spoke with agent,Lost,,,,lonewolf,,,,,a62cb930fa918ab9
99218,2026-07-03T18:10:00.7944659+00:00,BAL,Lead,Lost,,email,,landing page,email,e,july4th-jul,,75aafbf6ea5abc73
99213,2026-07-02T12:30:01.5151529+00:00,ATL,Completed,Won,"10,292",,,AtlantaLP,,,,,333f73b4eff7cf42
99212,2026-07-01T19:00:06.3464125+00:00,ATL,Meeting scheduled,Lost,,,,curbio.com/agents,,,,,b2d9f6df79f2ea69
99211,2026-07-01T17:25:01.1641051+00:00,ATL,Proposal sent,Lost,"85,373.4",,,www.curbio.com,,,,,0311990875a209d8
99210,2026-06-30T22:35:06.8813441+00:00,BAL,Spoke with agent,Lost,,,,Inbound Email,Inbound Email,Email,,,
99209,2026-06-30T16:50:01.4293076+00:00,NVA,Spoke with agent,Lost,,,,curbio.com/nova,,,,,8bf2c628c9551986
99208,2026-06-30T16:31:05.951866+00:00,DC,Spoke with agent,Lost,,,,Phone Call,,,,,
99207,2026-06-30T14:25:03.1773489+00:00,NVA,Meeting scheduled,Lost,,,,curbio.com/nova,,,,,
99206,2026-06-29T20:35:02.0787552+00:00,ATL,Meeting scheduled,Lost,,,,landing page,email,e,buyer-psych-jun,,3dc70048c572867a
99205,2026-06-29T18:22:00.5180173+00:00,NVA,Spoke with agent,Lost,,,,Phone Call,,,,,804d9ea1531dd353
99204,2026-06-29T18:15:01.7628019+00:00,DC,Lead,Lost,,,,www.curbio.com,,,,,876a6c29044d08f8
99203,2026-06-29T16:05:54.3853298+00:00,BAL,Completed,Won,"33,701.12",,,Other,,,,,8973e1ba313b27c1
99200,2026-06-29T12:35:01.0339294+00:00,BAL,Lead,Lost,,,,landing page,email,e,personal-jun,,7c4b1839d156bd92
99198,2026-06-28T12:50:10.7984192+00:00,BAL,Lead,Lost,,,,Inbound Email,Inbound Email,Email,,,
99197,2026-06-27T18:40:05.60857+00:00,LA,Lead,Lost,,,,lonewolf,,,,,6b7e68069fb9d899
99193,2026-06-27T17:15:08.4774608+00:00,LA,Proposal sent,Lost,"41,966.82",,,www.curbio.com,,,,,1686e2d97ff801d7
99192,2026-06-27T17:15:07.6536743+00:00,BAL,Spoke with agent,Lost,,,,curbio.com/maryland,,,,,c71ae720e6bfadfc
99191,2026-06-27T17:15:06.9485236+00:00,DAL,Lead,Lost,,,,www.curbio.com,,,,,4e27cbf7b86a369b
99190,2026-06-27T17:15:06.2848019+00:00,DAL,Meeting scheduled,Lost,,,,www.curbio.com,,,,,3f0c55d479c0caa6
99189,2026-06-27T17:15:05.6150227+00:00,NVA,Proposal sent,Lost,"7,439.8",,,www.curbio.com,,,,,3ce8a0630451d38a
99186,2026-06-27T16:15:05.5506628+00:00,NVA,Lead,Lost,,,,Inbound Email,Inbound Email,Email,,,
99185,2026-06-27T12:50:07.9053816+00:00,BAL,Lead,Lost,,,,Inbound Email,Inbound Email,Email,,,98daae977c32ee0d
99184,2026-06-27T08:10:11.570871+00:00,BAL,Lead,Lost,,,,Inbound Email,Inbound Email,Email,,,3d7361e2f990b7f2
99183,2026-06-27T03:00:10.3338017+00:00,BAL,Lead,Lost,,,,Inbound Email,Inbound Email,Email,,,dda76c3960cafb03
99180,2026-06-26T22:35:06.4246036+00:00,BAL,Spoke with agent,Lost,,,,Inbound Email,Inbound Email,Email,,,
99179,2026-06-26T22:35:05.8012676+00:00,BAL,Lead,Lost,,,,Inbound Email,Inbound Email,Email,,,
99178,2026-06-26T22:30:06.2607872+00:00,BAL,Lead,Lost,,,,Inbound Email,Inbound Email,Email,,,688094e9ba240874
99177,2026-06-26T22:20:08.7794642+00:00,BAL,Lead,Lost,,,,Inbound Email,Inbound Email,Email,,,
99176,2026-06-25T17:25:36.2353798+00:00,LA,Proposal sent,Lost,"25,501.63",,,Phone Call,,,,,fe242aa42bac48c8
99175,2026-06-24T19:24:03.7785342+00:00,BAL,Spoke with agent,Lost,,,,Phone Call,,,,,4d8383bec0bc95cf
99174,2026-06-23T22:02:18.364532+00:00,LA,Proposal sent,Open,"279,592.13",,,Phone Call,,,,,46c48ee66db6afb4
99173,2026-06-23T14:41:18.9323186+00:00,DAL,Proposal sent,Lost,"31,496.3",,,Phone Call,,,,,bfd5ec6aee0fb3c1
99172,2026-06-23T00:00:04.5810357+00:00,DAL,Meeting scheduled,Lost,,,,www.curbio.com,,,,,9bde7061ae3b8194
99171,2026-06-22T22:35:00.9777775+00:00,BAL,Spoke with agent,Lost,,,,www.curbio.com,,,,,
99170,2026-06-22T18:10:08.8133522+00:00,ATL,Lead,Lost,,,,Inbound Email,Inbound Email,Email,,,9e63574621875154
99169,2026-06-22T16:05:00.9027571+00:00,ATL,WIP,Won,"18,868.86",,,www.curbio.com,,,,,5d06b44ea03c8d2b
99168,2026-06-22T13:37:16.2821808+00:00,BAL,Spoke with agent,Lost,,,,Phone Call,,,,,
99166,2026-06-20T13:05:00.9026398+00:00,ATL,Lead,Lost,,,,lonewolf,,,,,ec7f4bd4ed64a9bb
99164,2026-06-19T16:45:01.1093278+00:00,LA,Meeting scheduled,Lost,,,,lonewolf,,,,,de7f2c0715f2009b
99160,2026-06-19T16:30:13.4722361+00:00,NVA,Lead,Lost,,,,Inbound Email,Inbound Email,Email,,,
99158,2026-06-19T16:18:26.9553269+00:00,BAL,Spoke with agent,Lost,,,,Other,,,,,8798a7693f031ba9
99152,2026-06-18T23:55:01.362572+00:00,ATL,Proposal sent,Lost,"25,259.71",,,www.curbio.com,,,,,b28681b3849f6209
99151,2026-06-18T18:55:01.2095728+00:00,LA,Spoke with agent,Lost,,,,www.curbio.com,,,,,d1b57dad229bcc29
99146,2026-06-18T11:40:01.768775+00:00,BAL,Spoke with agent,Lost,,,,www.curbio.com,,,,,24b2e2f18b8bc975
99144,2026-06-18T00:55:05.2384967+00:00,BAL,Lead,Lost,,,,Inbound Email,Inbound Email,Email,,,
99143,2026-06-17T19:10:01.31241+00:00,DC,Lead,Lost,,,,curbio.com/dc,,,,,8c588adb6e22ac8b
99142,2026-06-17T12:45:04.7739682+00:00,ATL,Spoke with agent,Lost,,,,AtlantaLP,,,,,4173fac1ed712bba
99141,2026-06-16T23:45:02.3818422+00:00,DC,Proposal sent,Lost,"40,311.12",,,www.curbio.com,,,,,56db16c6f149964e
99140,2026-06-16T19:25:06.4123159+00:00,BAL,Spoke with agent,Lost,,,,Phone Call,,,,,f3c997591eb93bab
99139,2026-06-16T18:40:01.7894293+00:00,DAL,Proposal sent,Lost,"10,382.13",,,www.curbio.com,,,,,851b65912277cbb9
99138,2026-06-16T14:40:03.8714872+00:00,BAL,Completed,Won,"33,327.97",,,www.curbio.com,,,,,98c7fdea6a7a4a5b
99133,2026-06-15T15:40:11.3289354+00:00,ATL,Spoke with agent,Lost,,,,lonewolf,,,,,3df5efe3b1fbf9ae
99131,2026-06-15T13:10:07.2049949+00:00,SMD,Lead,Lost,,,,Inbound Email,Inbound Email,Email,,,
99130,2026-06-15T11:45:06.5061968+00:00,DAL,Spoke with agent,Lost,,,,Inbound Email,Inbound Email,Email,,,6bc0056e61d69800
99128,2026-06-15T10:35:05.1783691+00:00,BAL,Spoke with agent,Lost,,,,www.curbio.com,,,,,6e110ac8bd46f31d
99126,2026-06-14T22:40:08.4264275+00:00,DC,Lead,Lost,,,,Inbound Email,Inbound Email,Email,,,
99124,2026-06-14T15:15:05.141914+00:00,ATL,Meeting scheduled,Lost,,,,www.curbio.com,,,,,37b0566fb1165ea8
99123,2026-06-12T21:04:54.2307688+00:00,ATL,Spoke with agent,Lost,,,,Phone Call,,,,,3f61c3306dc72776
99117,2026-06-11T22:04:05.2833251+00:00,RS,Lead,Lost,,,,Phone Call,,,,,c641eb6a973738b4
99116,2026-06-11T19:57:17.5213129+00:00,ATL,Spoke with agent,Lost,,,,Phone Call,,,,,6fd440376c94d527
99115,2026-06-11T17:07:13.9215011+00:00,SMD,Completed walkthrough,Lost,,,,Landing Page,,,,,b09d197406401b0b
99113,2026-06-11T15:50:03.4090151+00:00,ATL,Spoke with agent,Lost,,,,KWOfferings,,,,,c480cb27fec13c92
99112,2026-06-11T14:55:52.5314507+00:00,SMD,Spoke with agent,Lost,,,,Phone Call,,,,,bb289b2199062828
99108,2026-06-11T14:28:04.3418304+00:00,DC,Meeting scheduled,Lost,,,,Other,,,,,
99107,2026-06-10T20:35:01.4645424+00:00,ATL,Spoke with agent,Lost,,,,www.curbio.com,,,,,d6a57b508fa00ecf
99106,2026-06-10T15:50:01.0934457+00:00,ATL,Spoke with agent,Lost,,,,KWOfferings,,,,,ba722489707e3bb6
99105,2026-06-10T15:15:01.0582957+00:00,LA,Spoke with agent,Lost,,,,www.curbio.com,,,,,c5d38d1cad4c85bc
99104,2026-06-10T02:40:01.8618428+00:00,LA,Spoke with agent,Lost,,,,www.curbio.com,,,,,0f797d746fa134ca
99103,2026-06-09T21:05:00.6586203+00:00,NVA,Proposal sent,Lost,"39,072.35",,,Other,,,,,589197e4555c27e9
99097,2026-06-09T15:55:00.9275613+00:00,DAL,Lead,Lost,,,,KWOfferings,,,,,ab9adea1234a5219
99095,2026-06-09T13:55:02.5586001+00:00,BAL,Spoke with agent,Lost,,,,www.curbio.com,,,,,58521878d65b569f
99094,2026-06-08T19:30:26.9874089+00:00,RS,Spoke with agent,Lost,"17,415",,,Other,,,,,e57ce9691dce70a2
99093,2026-06-08T14:25:01.2800967+00:00,ATL,Lead,Lost,,,,www.curbio.com,,,,,d1c7134b082e13cc
99092,2026-06-07T18:00:04.3640685+00:00,LA,Spoke with agent,Lost,,,,curbio.com/atlanta,,,,,fd8021081816f6ad
99091,2026-06-07T17:50:01.1235644+00:00,ATL,Spoke with agent,Lost,,,,www.curbio.com,,,,,ee7d67ac76a06876
99090,2026-06-05T21:40:01.7715607+00:00,LA,Proposal sent,Lost,"47,797.19",,,www.curbio.com,,,,,d9c54e51de352aa7
99089,2026-06-05T18:40:04.1581996+00:00,DAL,Proposal sent,Lost,"24,048",,,Other,,,,,2a29eadc9c88e7e1
99087,2026-06-05T17:20:04.5976758+00:00,SMD,WIP,Won,"59,999.86",,,www.curbio.com,,,,,8973e1ba313b27c1
99086,2026-06-05T15:31:39.300186+00:00,BAL,Spoke with agent,Lost,,,,Phone Call,,,,,6ef98d5be4ad9570
99085,2026-06-04T21:40:02.2969663+00:00,ATL,Spoke with agent,Lost,,,,curbio.com/atlanta,,,,,12cf9090eb157e22
99084,2026-06-04T19:50:02.6815456+00:00,ATL,Spoke with agent,Lost,,,,www.curbio.com,,,,,716c717cb4c123d5
99083,2026-06-04T19:50:01.4125891+00:00,DC,Spoke with agent,Lost,,,,curbio.com/nova,,,,,4fe7fd09fa07d1f7
99082,2026-06-04T17:20:02.6345364+00:00,BAL,Spoke with agent,Lost,,,,www.curbio.com,,,,,ccd8eed3ef91738d
99079,2026-06-04T15:30:01.3795611+00:00,ATL,Lead,Lost,,,,www.curbio.com,,,,,eaa88b1e2d7fa827
99078,2026-06-04T14:50:05.8287087+00:00,BAL,Lead,Lost,,,,Inbound Email,Inbound Email,Email,,,
99077,2026-06-04T14:25:07.7798095+00:00,NVA,Lead,Lost,,,,Inbound Email,Inbound Email,Email,,,
99076,2026-06-04T03:35:01.1701323+00:00,ATL,Lead,Lost,,,,www.curbio.com,,,,,0da42d5ddba015e9
99075,2026-06-03T19:15:02.8564511+00:00,BAL,Spoke with agent,Lost,,,,curbio.com/maryland,,,,,d71f3580ead28656
99073,2026-06-03T17:20:01.9723858+00:00,ATL,Completed,Won,"19,731",,,www.curbio.com,,,,,73bb2b9fcbe3fe2d
99072,2026-06-03T17:10:01.0430859+00:00,ATL,Completed,Won,"15,792.6",,,NAR,,,,,d3d1c7f91d40b9f3
99071,2026-06-03T00:50:01.4939067+00:00,LA,Spoke with agent,Lost,,,,Other,,,,,f211864c8824ae37
99070,2026-06-02T23:50:00.9424573+00:00,ATL,Spoke with agent,Lost,,,,curbio.com/agents,,,,,ec2661defeef02be
99067,2026-06-02T17:53:59.8109664+00:00,NVA,Proposal sent,Lost,"33,778.88",,,Phone Call,,,,,bb8fc4a4fdeba566
99066,2026-06-02T14:55:52.1184369+00:00,DAL,Completed walkthrough,Lost,,,,Phone Call,,,,,a95af7b20afebf23
99065,2026-06-02T14:45:01.9115287+00:00,BAL,Spoke with agent,Lost,,,,www.curbio.com,,,,,
99063,2026-06-02T14:30:01.5661955+00:00,DAL,Spoke with agent,Lost,,,,www.curbio.com,,,,,a66cbc549aed2167
99062,2026-06-02T14:10:01.3434905+00:00,DAL,Completed walkthrough,Lost,"104,626.14",,,www.curbio.com,,,,,e54b9d49ef92a25c
99061,2026-06-01T23:55:00.9031685+00:00,DAL,Proposal sent,Lost,"8,923.72",,,www.curbio.com,,,,,f11db7ff637997d2
99060,2026-06-01T23:20:03.1375175+00:00,DAL,Proposal sent,Lost,"44,667.07",,,www.curbio.com,,,,,6112d7aa9b3074d9
99059,2026-06-01T22:32:54.0294271+00:00,BAL,Proposal sent,Lost,"39,659.52",,,Phone Call,,,,,e5521d8981513488
99058,2026-06-01T20:30:02.0537491+00:00,ATL,Completed walkthrough,Lost,,,,curbio.com/atlanta,,,,,4e151d218a80a2ea
99057,2026-06-01T17:30:00.9900419+00:00,NVA,Lead,Lost,,,,curbio.com/nova,,,,,877cd8e36becba77
99056,2026-06-01T17:25:00.8730351+00:00,ATL,Completed walkthrough,Lost,,,,www.curbio.com,,,,,7278e70b17e5d6af
99055,2026-06-01T17:18:41.4618841+00:00,ATL,Completed walkthrough,Lost,,,,Phone Call,,,,,e7ab4b8f42808e76
99054,2026-05-31T22:15:01.1115325+00:00,ATL,Lead,Lost,,,,www.curbio.com,,,,,5ea3daccf1de037b
99053,2026-05-31T06:40:01.9351412+00:00,NVA,Lead,Lost,,,,,,,,,db10200d64f2e5bf
99052,2026-05-31T00:30:01.3133223+00:00,LA,Spoke with agent,Lost,,,,www.curbio.com,,,,,e06c43cf3bc5e1af
99051,2026-05-29T22:55:01.0292437+00:00,RS,Spoke with agent,Lost,,,,www.curbio.com,,,,,5c1392bce03db56f
99050,2026-05-29T20:40:18.1289343+00:00,DC,Spoke with agent,Lost,,,,Phone Call,,,,,d760346ece561e09
99049,2026-05-29T19:48:29.6603104+00:00,DAL,Spoke with agent,Lost,,,,Other,,,,,d9f81cdf77ab57a0
99048,2026-05-29T15:00:03.8987328+00:00,SMD,Proposal sent,Lost,"53,944.07",,,Other,,,,,7b9da299a6df29b5
99047,2026-05-29T14:45:08.2065382+00:00,DAL,Spoke with agent,Lost,,,,Phone Call,,,,,bbf063e051dc7c0f
99046,2026-05-28T20:05:00.9413979+00:00,ATL,Lead,Lost,,,,AtlantaLP,,,,,7a564cc32e52f2b3
99045,2026-05-28T16:00:05.9344749+00:00,LA,Spoke with agent,Lost,,,,www.curbio.com,,,,,50fc47e7fc049714
99044,2026-05-28T13:10:02.6082633+00:00,ATL,Spoke with agent,Lost,,,,www.curbio.com,,,,,fd56f81e23022c67
99036,2026-05-27T17:45:01.1715816+00:00,ATL,Lead,Lost,,,,www.curbio.com,,,,,ae2a5f50344b550e
99035,2026-05-27T14:55:01.0275906+00:00,ATL,Lead,Lost,,,,www.curbio.com,,,,,5cb212bebd840bc4
99034,2026-05-27T14:19:10.5474555+00:00,NVA,Proposal sent,Lost,"115,096.97",,,Phone Call,,,,,df4e44deb833a5f2
99033,2026-05-27T13:30:02.3498287+00:00,ATL,Spoke with agent,Lost,,,,www.curbio.com,,,,,e91761f2e53f042d
99032,2026-05-26T21:25:00.9333902+00:00,ATL,Lead,Lost,,,,www.curbio.com,,,,,d4163009469dc6f1
99031,2026-05-26T20:00:07.9571364+00:00,NVA,Proposal sent,Lost,"48,415.32",,,www.curbio.com,,,,,86d47e4d3988105d
99030,2026-05-26T17:04:43.8961654+00:00,DAL,Completed walkthrough,Lost,"5,760.12",,,Other,,,,,a0a2b16e031ce540
99029,2026-05-26T14:57:29.9548686+00:00,ATL,Spoke with agent,Lost,,,,Phone Call,,,,,7070727bb1eebe1e
99028,2026-05-26T14:50:11.6576179+00:00,BAL,Spoke with agent,Lost,,,,Phone Call,,,,,6ae625d8bd4cabb0
99026,2026-05-25T14:13:05.8295995+00:00,NVA,Proposal sent,Lost,"48,256.73",,,Phone Call,,,,,8ae6b1e0dfbd2045
99025,2026-05-25T00:35:04.4352657+00:00,LA,Spoke with agent,Lost,,,,Inbound Email,Inbound Email,Email,,,215a35d3c73cef99
99023,2026-05-23T16:00:05.0239973+00:00,NVA,Spoke with agent,Lost,,,,curbio.com/maryland,,,,,3a6dc045016ca3c8
99022,2026-05-23T09:00:04.9385596+00:00,ATL,Lead,Lost,,,,www.curbio.com,,,,,d67b1a4a192ea40c
99021,2026-05-22T23:00:04.6777556+00:00,LA,Proposal sent,Lost,"50,559.82",,,www.curbio.com,,,,,c1078cb26197a70d
99019,2026-05-22T18:13:26.5689375+00:00,NVA,Completed,Won,"2,641.82",,,Other,,,,,0830baa993f21943
99018,2026-05-22T13:25:04.8749916+00:00,SMD,Proposal sent,Lost,"51,813.22",,,Inbound Email,Inbound Email,Email,,,fe5cb66751990e9f
99014,2026-05-21T18:18:30.0831635+00:00,BAL,Spoke with agent,Lost,,,,Other,,,,,c09cd966cb15d08a
99013,2026-05-21T17:30:02.8491351+00:00,BAL,Lead,Lost,,,,www.curbio.com,,,,,d0b93e3437249c58
99012,2026-05-21T11:00:03.8589509+00:00,BAL,Spoke with agent,Lost,,,,www.curbio.com,,,,,4e85cbf6415746d9
99011,2026-05-21T10:25:00.951766+00:00,ATL,Spoke with agent,Lost,,,,www.curbio.com,,,,,e1b2ef718558041c
99010,2026-05-20T21:05:00.816156+00:00,DAL,Meeting scheduled,Lost,,,,www.curbio.com,,,,,
99009,2026-05-20T21:00:05.164894+00:00,NVA,Proposal sent,Lost,"36,966.39",,,www.curbio.com,,,,,ed87703f4cca4a21
99008,2026-05-20T17:35:01.1468973+00:00,NVA,Proposal sent,Lost,"32,336.25",,,www.curbio.com,,,,,efd7d6014a3b201a
99006,2026-05-19T20:30:03.3296453+00:00,RS,Spoke with agent,Lost,,,,www.curbio.com,,,,,a84e88cc4f2d5412
99005,2026-05-19T18:18:05.627279+00:00,DC,Proposal sent,Lost,"48,572.5",,,,,,,,1f877879f72319c3
99004,2026-05-19T15:15:01.3120513+00:00,SMD,Lead,Lost,,,,www.curbio.com,,,,,ea2280a16c7e1012
99003,2026-05-19T00:30:01.0827961+00:00,NVA,Lead,Lost,,,,curbio.com/nova,,,,,320da6de8f77a7ee
99002,2026-05-18T22:03:10.7798855+00:00,NVA,Completed,Won,"45,000",,,Other,,,,,f930f24a7ce4b3ca
99001,2026-05-18T21:50:01.0756758+00:00,SMD,Spoke with agent,Lost,,,,,,,,,fdfa4d104970a862
99000,2026-05-18T19:11:44.4230821+00:00,BAL,WIP,Won,"120,000",,,Other,,,,,37a52adb48cd4338
98998,2026-05-17T06:35:01.1455851+00:00,BAL,Lead,Lost,,,,www.curbio.com,,,,,50974347999ae50f
98997,2026-05-16T22:20:02.173828+00:00,ATL,Spoke with agent,Lost,,,,curbio.com/atlanta,,,,,18b4372140a34064
98996,2026-05-15T19:50:02.5901967+00:00,NVA,Lead,Lost,,,,www.curbio.com,,,,,fd7dd74d04b79b37
98995,2026-05-15T18:58:06.8016693+00:00,NVA,Spoke with agent,Lost,,,,,,,,,1c8c4d1a46d10838
98994,2026-05-15T17:28:14.673995+00:00,NVA,Spoke with agent,Lost,,,,,,,,,36e99ee4f6d2ff6b
98993,2026-05-15T01:10:00.6973327+00:00,NVA,Lead,Lost,,,,www.curbio.com,,,,,1feeb2f4431574af
98992,2026-05-15T01:00:11.4860555+00:00,BAL,Spoke with agent,Lost,,,,Long&FosterLift,,,,,6fc43829419beac3
98990,2026-05-14T22:45:03.3577258+00:00,ATL,Completed walkthrough,Lost,"32,990",,,,,,,,b02d0f7ef86ae58e
98989,2026-05-14T14:15:01.1364326+00:00,ATL,Completed,Won,"11,807.49",,,www.curbio.com,,,,,4b8a6f510e2c5f58
98988,2026-05-14T12:40:02.3995574+00:00,ATL,Spoke with agent,Lost,,,,www.curbio.com,,,,,13913c4e8ef0dfa0
98987,2026-05-13T22:00:06.7137595+00:00,ATL,Spoke with agent,Lost,,,,Exp,,,,,c14ae92add0c94d0
98986,2026-05-13T21:50:00.6844641+00:00,BAL,Spoke with agent,Lost,,,,,,,,,a55cbe1f0f834006
98985,2026-05-13T19:20:01.7533419+00:00,LA,Proposal sent,Lost,"57,214.03",,,www.curbio.com,,,,,dbcd5faff068c417
98984,2026-05-13T14:52:59.7476211+00:00,DAL,Spoke with agent,Lost,,,,,,,,,ac40e55949626ff2
98983,2026-05-13T14:30:05.3037861+00:00,LA,Spoke with agent,Lost,,,,www.curbio.com,,,,,663ea8385a9eb012
98982,2026-05-13T00:40:02.8891511+00:00,ATL,Proposal sent,Lost,"4,572.93",,,,,,,,08f030e7b204e335
98981,2026-05-12T20:20:04.7705654+00:00,LA,Spoke with agent,Lost,,,,www.curbio.com,,,,,3f949d85fcd15a2e
98980,2026-05-12T18:45:01.3658147+00:00,ATL,Lead,Lost,,,,www.curbio.com,,,,,fe7934ebbc80f4aa
98979,2026-05-12T17:55:50.4637893+00:00,RS,Spoke with agent,Lost,,,,,,,,,ffa000b6f6dda85c
98978,2026-05-12T17:45:01.2206729+00:00,ATL,Completed walkthrough,Lost,"18,812.64",,,www.curbio.com,,,,,0eba3c66bb2d5113
98977,2026-05-12T16:10:01.5946357+00:00,NVA,Contract sent,Lost,"16,097.57",,,www.curbio.com,,,,,6e11ce7753f2fcf3
98976,2026-05-11T22:35:19.3378647+00:00,LA,Spoke with agent,Lost,,,,,,,,,
98940,2026-05-11T20:00:09.1702527+00:00,DAL,Completed walkthrough,Lost,,,,www.curbio.com,,,,,ad563e995b469b54
98929,2026-05-11T19:09:28.1634155+00:00,RS,Spoke with agent,Lost,,,,,,,,,64d1f65fc3e91685
98914,2026-05-11T18:05:01.23161+00:00,NVA,Meeting scheduled,Lost,,,,www.curbio.com,,,,,8f71cd776ba1ad5e
98884,2026-05-11T15:40:02.4693689+00:00,DAL,Spoke with agent,Lost,,,,KWOfferings,,,,,a9999465ee910d88
98863,2026-05-11T14:00:05.2079339+00:00,ATL,Spoke with agent,Lost,,,,www.curbio.com,,,,,b82dee11b274a07b
98847,2026-05-11T12:44:49.5368566+00:00,NVA,Proposal sent,Lost,"26,080.82",,,,,,,,0830baa993f21943
98531,2026-05-08T22:55:01.2747408+00:00,DAL,Proposal sent,Lost,"1,888.68",,,www.curbio.com,,,,,dbcf234d118ed1ed
98530,2026-05-08T20:05:01.1523551+00:00,BAL,Spoke with agent,Lost,,,,www.curbio.com,,,,,4991bd6cf214742c
98529,2026-05-08T19:00:05.9941949+00:00,LA,Proposal sent,Lost,"28,026.56",,,www.curbio.com,,,,,5387de242b1380e2
98528,2026-05-08T14:29:51.6052377+00:00,ATL,Meeting scheduled,Lost,,,,,,,,,9575004e22307a31
98527,2026-05-08T14:05:00.84172+00:00,ATL,Completed walkthrough,Lost,,,,lonewolf,,,,,a8aa3cdc700aaf4c
98526,2026-05-08T13:35:01.0164164+00:00,ATL,Lead,Lost,,,,www.curbio.com,,,,,dc3a9198735559a7
98524,2026-05-08T02:10:01.2364244+00:00,ATL,Spoke with agent,Lost,,,,lonewolf,,,,,74a217a81466c6ca
98521,2026-05-07T21:30:01.5894507+00:00,BAL,Spoke with agent,Lost,,,,HoustonLP,,,,,570c2868b2f73c5f
98520,2026-05-07T19:25:01.8051942+00:00,NVA,Completed,Won,"50,270.63",,,lonewolf,,,,,862a2204a45f2f42
98519,2026-05-07T18:15:03.8335846+00:00,ATL,Lead,Lost,,,,www.curbio.com,,,,,e53d9be7dfd1cf45
98518,2026-05-07T17:55:01.2159097+00:00,BAL,Meeting scheduled,Lost,,,,Long&FosterLift,,,,,81169da5ef2cbb2b
98517,2026-05-07T15:40:01.5314009+00:00,LA,WIP,Won,"23,360.96",,,Other,,,,,0ece3058619dd217
98515,2026-05-07T13:30:04.8080822+00:00,LA,Proposal sent,Lost,"50,140.16",,,lonewolf,,,,,350dcde6842abc9a
98514,2026-05-07T04:00:06.0399004+00:00,LA,Spoke with agent,Lost,,,,curbio.com/losangeles,,,,,14f368ce342e79df
98513,2026-05-07T01:56:58.732254+00:00,LA,Proposal sent,Open,"258,782.04",,,Other,,,,,
98512,2026-05-07T01:30:40.4332281+00:00,LA,Proposal sent,Lost,"12,729.13",,,Other,,,,,b2daec00f4c3717a
98511,2026-05-07T01:20:02.6420495+00:00,ATL,Lead,Lost,,,,www.curbio.com,,,,,3f61c3306dc72776
98510,2026-05-06T20:08:26.4315148+00:00,BAL,Spoke with agent,Lost,,,,,,,,,b57b6440c4f30c73
98509,2026-05-06T19:30:08.9877476+00:00,ATL,Proposal sent,Lost,"34,293.16",,,www.curbio.com,,,,,9d402a8dfb4f2e25
98507,2026-05-06T12:50:01.2371267+00:00,DC,Proposal sent,Lost,"19,649.18",,,www.curbio.com,,,,,98aeb83f006ea724
98506,2026-05-05T19:25:01.1367108+00:00,ATL,Spoke with agent,Lost,,,,www.curbio.com,,,,,af72a751d65c4c0e
98505,2026-05-05T13:53:30.7482686+00:00,NVA,Proposal sent,Lost,"33,251.32",,,,,,,,0830baa993f21943
98504,2026-05-05T04:05:01.1500709+00:00,LA,Lead,Lost,,,,www.curbio.com,,,,,cb18e73f17ef5f76
98503,2026-05-05T00:05:02.2778041+00:00,BAL,Spoke with agent,Lost,,,,www.curbio.com,,,,,
98502,2026-05-04T21:30:28.1980204+00:00,BAL,Completed walkthrough,Lost,,,,,,,,,af41e78b9450486e
98501,2026-05-04T16:55:01.0495864+00:00,DAL,Lead,Lost,,,,KWOfferings,,,,,a9999465ee910d88
98500,2026-05-04T14:45:13.8871711+00:00,BAL,Proposal sent,Lost,"20,148.67",,,Other,,,,,
98499,2026-05-04T12:50:01.1449488+00:00,DC,Proposal sent,Lost,"28,271.12",,,Long&FosterLift,,,,,29b77d6f396e69ec
98498,2026-05-04T02:10:01.9036427+00:00,DAL,Proposal sent,Lost,"26,998.43",,,www.curbio.com,,,,,d9f81cdf77ab57a0
98497,2026-05-03T18:50:01.0101205+00:00,ATL,Lead,Lost,,,,www.curbio.com,,,,,fa6c333cf6d4d0b3
98496,2026-05-03T18:40:03.3230998+00:00,DAL,Spoke with agent,Lost,,,,curbio.com/dallas,,,,,a9fe26aef3d5b815
98495,2026-05-01T21:58:28.0868424+00:00,DAL,WIP,Won,"22,553.46",,,Other,,,,,f7d8bc7a08e7a5be
98494,2026-05-01T17:30:01.4362578+00:00,NVA,Completed,Won,"12,610.7",,,www.curbio.com,,,,,da4336bec1e2eb6a
98493,2026-05-01T15:53:35.9991757+00:00,NVA,Completed,Won,"7,662.9",,,,,,,,b7fa2a94ee0d8028
98492,2026-05-01T15:13:06.2161046+00:00,ATL,Lead,Lost,,,,,,,,,0fa1f8aa2d34532b
98491,2026-05-01T14:40:19.8327043+00:00,NVA,Proposal sent,Lost,"14,777.6",,,,,,,,0db2cc3e6cc84a42
98489,2026-05-01T05:00:05.5608936+00:00,ATL,Completed,Won,"16,315.1",,,AtlantaLP,,,,,acd75ad45d1de05d
98487,2026-04-30T14:25:01.2778631+00:00,DAL,Spoke with agent,Lost,,,,curbio.com/dallas,,,,,eb88d0adc91088c0
98486,2026-04-29T22:05:03.3854876+00:00,NVA,Completed,Won,"27,262.87",,,Long&FosterLift,,,,,20cc44caafadd7f0
98485,2026-04-29T20:58:44.5367748+00:00,ATL,Meeting scheduled,Lost,,,,,,,,,b50b65e2a4796c5c
98484,2026-04-29T20:00:47.8211185+00:00,NMD,Spoke with agent,Lost,,,,,,,,,
98483,2026-04-29T20:00:07.986433+00:00,SMD,Spoke with agent,Lost,,,,www.curbio.com,,,,,d0238e5669e47655
98482,2026-04-29T15:38:19.3346783+00:00,LA,Spoke with agent,Lost,,,,,,,,,
98481,2026-04-28T23:03:56.5914844+00:00,DAL,Proposal sent,Lost,"13,746.87",,,,,,,,013d434e3decfa6e
98480,2026-04-28T23:00:07.0822379+00:00,BAL,Spoke with agent,Lost,,,,www.curbio.com,,,,,
98479,2026-04-28T20:50:01.3127353+00:00,BAL,Lead,Lost,,,,www.curbio.com,,,,,4cf85f713f06ce12
98478,2026-04-28T20:00:06.3069889+00:00,DAL,Proposal sent,Lost,"39,784.96",,,KWOfferings,,,,,f7d8bc7a08e7a5be
98476,2026-04-28T15:55:01.1234027+00:00,ATL,Lead,Lost,,,,KWOfferings,,,,,5a68223a6b3dfcd6
98475,2026-04-27T21:25:01.0699452+00:00,ATL,Spoke with agent,Lost,,,,KWOfferings,,,,,ba722489707e3bb6
98474,2026-04-27T19:05:03.1200607+00:00,BAL,Proposal sent,Lost,"29,599.29",,,www.curbio.com,,,,,2755414d2f1536f7
98473,2026-04-27T17:10:01.0279427+00:00,DAL,Spoke with agent,Lost,,,,Exp,,,,,0c13640c2a394690
98472,2026-04-27T02:40:04.3094944+00:00,LA,Spoke with agent,Lost,,,,LosAngelesLP,,,,,102bc6fa345ded9e
98471,2026-04-27T00:55:01.4746317+00:00,LA,Lead,Lost,,,,www.curbio.com,,,,,d1010abd8a2d11fa
98470,2026-04-24T22:15:01.1573134+00:00,LA,Spoke with agent,Lost,,,,www.curbio.com,,,,,36f88755d8dfb623
98469,2026-04-24T20:45:01.2313209+00:00,DAL,Meeting scheduled,Lost,"2,730.74",,,www.curbio.com,,,,,0200fa867bb660af
98468,2026-04-24T20:10:01.1736046+00:00,DAL,Lead,Lost,,,,lonewolf,,,,,fc16f61152a5fe61
98465,2026-04-24T15:50:07.6031376+00:00,ATL,Meeting scheduled,Lost,,,,curbio.com/atlanta,,,,,789de390ee64e093
98463,2026-04-23T22:21:31.9229054+00:00,ATL,Completed walkthrough,Lost,,,,,,,,,a51515e93f37c92c
98462,2026-04-23T19:45:02.200202+00:00,ATL,Completed walkthrough,Lost,,,,www.curbio.com,,,,,cce1e81832ec3a11
98461,2026-04-23T18:30:01.1918858+00:00,ATL,Lead,Lost,,,,curbio.com/atlanta,,,,,
98457,2026-04-23T13:50:07.5777732+00:00,NVA,Proposal sent,Lost,"30,268.91",,,,,,,,79293abcdc1f17de
98455,2026-04-23T12:20:04.1800615+00:00,ATL,Completed,Won,"1,350",,,curbio.com/atlanta,,,,,850bc4cfe64ae710
98454,2026-04-22T21:10:00.952364+00:00,DC,Completed walkthrough,Lost,,,,www.curbio.com,,,,,0054012e051a7ac3
98453,2026-04-22T17:02:10.2479195+00:00,BAL,Spoke with agent,Lost,,,,,,,,,daf0e9463b93dba9
98452,2026-04-22T13:20:03.6758563+00:00,NVA,Completed,Won,"37,348.08",,,Exp,,,,,06ba1c07ff19b394
98450,2026-04-22T00:15:10.4123225+00:00,LA,Spoke with agent,Lost,,,,,,,,,134684c9d4abf339
98449,2026-04-21T23:29:11.1117234+00:00,RS,Spoke with agent,Lost,,,,,,,,,46208d2e78fd2148
98447,2026-04-21T18:20:02.4938801+00:00,RS,Spoke with agent,Lost,,,,lonewolf,,,,,19b8e654c8cf7f17
98445,2026-04-21T16:27:35.4067773+00:00,LA,Proposal sent,Lost,"68,000.98",,,,,,,,9aa0806d2ba3bfa3
98443,2026-04-21T16:05:01.0287444+00:00,ATL,Completed walkthrough,Lost,,,,E&VElevate,,,,,39e71c4ede882da3
98442,2026-04-21T15:08:21.9694588+00:00,NMD,Proposal sent,Lost,"10,998.88",,,Other,,,,,
98440,2026-04-20T23:05:00.9644775+00:00,ATL,Lead,Lost,,,,www.curbio.com,,,,,322f2388e759964f
98439,2026-04-20T20:40:02.4616985+00:00,DAL,Proposal sent,Lost,"44,048.96",,,www.curbio.com,,,,,48eb78c6128f1d42
98438,2026-04-20T19:12:38.900567+00:00,NVA,Meeting scheduled,Lost,,,,,,,,,6cb1c71d153ef2bd
98437,2026-04-20T17:15:04.8096639+00:00,ATL,Lead,Lost,,,,KWOfferings,,,,,95aa6f537b902e21
98436,2026-04-20T15:20:00.5189803+00:00,BAL,Lead,Lost,,,,,,,,,
98435,2026-04-20T14:35:05.7575978+00:00,ATL,Spoke with agent,Lost,,,,AtlantaLP,,,,,a9b7bb48064023f1
98434,2026-04-20T14:35:01.4906425+00:00,ATL,Spoke with agent,Lost,,,,www.curbio.com,,,,,5337f160dcd60bb4
98433,2026-04-19T20:15:02.548974+00:00,DAL,Completed walkthrough,Lost,"44,993.92",,,lonewolf,,,,,0f8c0c0c50f9a8b2
98431,2026-04-17T21:40:03.7879494+00:00,ATL,Spoke with agent,Lost,,,,lonewolf,,,,,34ffcfed07f9dc2c
98430,2026-04-17T19:10:01.1397608+00:00,ATL,Spoke with agent,Lost,,,,www.curbio.com,,,,,aa22ee76292eab48
98429,2026-04-17T06:25:01.0195341+00:00,DAL,Meeting scheduled,Lost,,,,www.curbio.com,,,,,aabbc5e829cb6ba2
98428,2026-04-17T05:10:01.0247294+00:00,LA,Spoke with agent,Lost,,,,lonewolf,,,,,7d8d691c6618cb8b
98427,2026-04-17T00:45:01.2695587+00:00,DAL,Meeting scheduled,Lost,"26,407.42",,,www.curbio.com,,,,,f22d702e14d5bc9d
98426,2026-04-17T00:09:10.2813026+00:00,DAL,Proposal sent,Lost,"2,919.66",,,Other,,,,,5baae3e6112435cf
98425,2026-04-16T22:35:01.2669594+00:00,RS,Spoke with agent,Lost,,,,www.curbio.com,,,,,ac791b88fd6d53c2
98424,2026-04-16T17:58:22.6090126+00:00,DC,Proposal sent,Lost,"65,019.41",,,,,,,,d85641a6549a72a5
98423,2026-04-16T17:33:59.3857801+00:00,NVA,Proposal sent,Lost,"9,608.36",,,,,,,,9a8629e0a07fe417
98421,2026-04-16T03:00:06.0730201+00:00,ATL,Completed,Won,"2,804.4",,,curbio.com/atlanta,,,,,b417a18e32279921
98418,2026-04-15T15:05:00.8566445+00:00,ATL,Lead,Lost,,,,lonewolf,,,,,eba422783c778199
98417,2026-04-15T14:45:01.218674+00:00,ATL,Spoke with agent,Lost,,,,www.curbio.com,,,,,269c976811ccced9
98416,2026-04-15T03:40:02.5715497+00:00,ATL,Spoke with agent,Lost,,,,www.curbio.com,,,,,efd1d23580dbbc7b
98413,2026-04-13T19:30:03.5197042+00:00,BAL,Spoke with agent,Lost,,,,,,,,,b19562f96ff6291a
98411,2026-04-13T17:55:01.3769649+00:00,RS,Spoke with agent,Lost,,,,www.curbio.com,,,,,d87079a4530ddf12
98409,2026-04-13T12:50:02.2403901+00:00,NVA,Proposal sent,Lost,"15,437.89",,,www.curbio.com,,,,,a94b3e6f7f477e14
98408,2026-04-13T12:40:02.2382533+00:00,NVA,Proposal sent,Lost,"16,961.49",,,www.curbio.com,,,,,d2c1368369b9b498
98407,2026-04-13T00:45:01.8665142+00:00,BAL,Meeting scheduled,Lost,,,,Long&FosterLift,,,,,835597f78e43499a
98406,2026-04-12T21:45:01.6303503+00:00,ATL,Lead,Lost,,,,www.curbio.com,,,,,68456a437440f72a
98405,2026-04-11T20:40:02.4002157+00:00,ATL,Spoke with agent,Lost,,,,www.curbio.com,,,,,c4aa56906fd1b0e0
98404,2026-04-11T18:35:01.1815884+00:00,RS,Meeting scheduled,Lost,,,,lonewolf,,,,,e964e3cc46272fb1
98403,2026-04-11T17:10:01.0973121+00:00,DAL,Proposal sent,Lost,"4,994.92",,,www.curbio.com,,,,,6ad27bd6ab3aaf04
98402,2026-04-11T09:20:03.5477404+00:00,NVA,Lead,Lost,,,,,,,,,274fea1b538f4fe8
98401,2026-04-10T20:15:06.8543081+00:00,BAL,Spoke with agent,Lost,,,,www.curbio.com,,,,,5a83673c59c91e7a
98400,2026-04-10T20:15:02.4038125+00:00,BAL,Completed,Won,"28,620.51",,,www.curbio.com,,,,,5a83673c59c91e7a
98399,2026-04-10T15:40:00.957612+00:00,BAL,Spoke with agent,Lost,,,,,,,,,863930c933c0ab83
98398,2026-04-10T14:40:03.414471+00:00,ATL,Lead,Lost,,,,lonewolf,,,,,de7149ed482ca186
98397,2026-04-09T20:10:01.1316862+00:00,DAL,Completed walkthrough,Lost,"35,563.08",,,curbio.com/dallas,,,,,8b0a28ce114ee849
98396,2026-04-09T14:45:03.790434+00:00,ATL,Meeting scheduled,Lost,,,,www.curbio.com,,,,,368487246a686c8e
98394,2026-04-08T18:20:02.0556609+00:00,ATL,Lead,Lost,,,,www.curbio.com,,,,,2a2bd93968d25d4f
98391,2026-04-08T15:50:01.0482661+00:00,NVA,Lead,Lost,,,,lonewolf,,,,,fff0108a9bb4426f
98390,2026-04-08T15:05:01.0661256+00:00,ATL,Proposal sent,Lost,"36,319.04",,,AtlantaLP,,,,,7d4a9ed15d73032b
98389,2026-04-08T14:40:22.1466805+00:00,BAL,Spoke with agent,Lost,,,,,,,,,a923bd48779b7e96
98388,2026-04-08T14:10:32.1477476+00:00,LA,Completed,Won,"15,806.61",,,,,,,,0909b714e92ff059
98387,2026-04-07T15:50:01.0909541+00:00,LA,Spoke with agent,Lost,,,,www.curbio.com,,,,,8926cdb85ec6ee6c
98386,2026-04-07T14:45:04.8135694+00:00,DAL,Spoke with agent,Lost,,,,www.curbio.com,,,,,375da0d99bf04dc2
98385,2026-04-07T14:05:01.1085716+00:00,NVA,Proposal sent,Lost,"23,311.63",,,Exp,,,,,032ef62852bc7ab7
98384,2026-04-07T03:10:01.301434+00:00,DAL,Proposal sent,Lost,"15,102.95",,,www.curbio.com,,,,,0c40482902641d7e
98383,2026-04-07T00:50:00.8614768+00:00,LA,Spoke with agent,Lost,,,,www.curbio.com,,,,,09e4bc5692467591
98382,2026-04-06T19:25:00.7078573+00:00,NVA,Lead,Lost,,,,www.curbio.com,,,,,2867486ce41cc64d
98381,2026-04-06T18:25:00.7066905+00:00,NVA,Lead,Lost,,,,www.curbio.com,,,,,58d29017e6720949
98288,2026-04-06T16:20:03.8986226+00:00,ATL,Lead,Lost,,,,KWOfferings,,,,,8f14ac14bf2dbe6d
98287,2026-04-05T15:15:02.9936873+00:00,NVA,Lead,Lost,,,,www.curbio.com,,,,,df309cbd08e8ab15
98286,2026-04-05T08:20:02.595569+00:00,DAL,Lead,Lost,,,,www.curbio.com,,,,,b43be00116a4ca69
98285,2026-04-03T22:10:01.3808256+00:00,ATL,Lead,Lost,,,,www.curbio.com,,,,,2fd07331c1fcc197
98282,2026-04-03T16:44:40.9312043+00:00,RS,Completed walkthrough,Lost,"3,238",,,,,,,,
98281,2026-04-03T16:18:55.2034892+00:00,RS,Waiting on deposit,Won,"16,972",,,Other,,,,,
98280,2026-04-03T15:41:34.5052258+00:00,RS,Completed walkthrough,Lost,952,,,,,,,,
98275,2026-04-03T04:30:01.0632782+00:00,BAL,Spoke with agent,Lost,,,,www.curbio.com,,,,,1323ff172d7a54f3
98274,2026-04-03T03:15:01.3755881+00:00,LA,Proposal sent,Lost,"25,115.89",,,NAR,,,,,a84e88cc4f2d5412
98273,2026-04-02T22:55:00.6652631+00:00,ATL,Completed walkthrough,Lost,,,,www.curbio.com,,,,,70ba2810dff5840c
98272,2026-04-02T22:05:04.8807706+00:00,ATL,Spoke with agent,Lost,,,,KWOfferings,,,,,47a00a28b6fd07ef
98271,2026-04-02T22:05:01.3226008+00:00,BAL,Spoke with agent,Lost,,,,www.curbio.com,,,,,cf44bf03653e50f6
98270,2026-04-02T20:54:37.4335678+00:00,NVA,Completed walkthrough,Lost,"12,280",,,,,,,,
98269,2026-04-02T19:20:02.2168451+00:00,BAL,Proposal sent,Lost,"6,448.69",,,curbio.com/maryland,,,,,5f6430d1a8b10e61
98268,2026-04-02T18:00:06.5714577+00:00,ATL,Completed walkthrough,Lost,,,,AtlantaLP,,,,,747251161915d745
98267,2026-04-02T14:19:38.2633075+00:00,NVA,Proposal sent,Lost,"34,756.12",,,,,,,,d81aaa493f36924b
98265,2026-04-02T01:50:01.2238856+00:00,LA,Completed,Won,"26,757.58",,,www.curbio.com,,,,,61d72d359289f601
98264,2026-04-01T21:05:01.1072832+00:00,BAL,Waiting on deposit,Lost,"23,373.45",,,www.curbio.com,,,,,2845855320e9e69c
98263,2026-04-01T18:20:02.0056142+00:00,NVA,Meeting scheduled,Lost,,,,www.curbio.com,,,,,6dd78e108841ce2e
98261,2026-04-01T16:45:01.8140435+00:00,ATL,Spoke with agent,Lost,,,,www.curbio.com,,,,,117b19270f1939ae
98260,2026-04-01T14:10:01.1509978+00:00,BAL,Meeting scheduled,Lost,,,,Long&FosterLift,,,,,72a3a3c33a0543aa
98257,2026-03-31T23:45:01.3855551+00:00,ATL,Lead,Lost,,,,www.curbio.com,,,,,96717508ffc5835e
98255,2026-03-31T18:20:00.6717356+00:00,SMD,Contract sent,Lost,"13,992.06",,,,,,,,484c985f35bd8dc6
98254,2026-03-31T15:20:00.3617008+00:00,NVA,Lead,Lost,,,,,,,,,b4b849e42dfbbae1
98253,2026-03-31T14:25:01.0335938+00:00,BAL,Spoke with agent,Lost,,,,www.curbio.com,,,,,1f293f9f5b86fe65
98252,2026-03-31T13:30:03.8493942+00:00,ATL,Completed walkthrough,Lost,,,,www.curbio.com,,,,,a4e7671c047bf3d4
98251,2026-03-31T00:20:01.8026487+00:00,ATL,Spoke with agent,Lost,,,,lonewolf,,,,,365aefa306eb6e32
98249,2026-03-30T20:20:01.7649406+00:00,ATL,Spoke with agent,Lost,,,,AtlantaLP,,,,,099c9fe35f7a2bf0
98248,2026-03-30T20:09:07.8503218+00:00,DC,Meeting scheduled,Lost,,,,,,,,,9693f01483a991f3
98247,2026-03-30T20:00:05.4975378+00:00,BAL,Spoke with agent,Lost,,,,www.curbio.com,,,,,28d4209ff1a7c192
98246,2026-03-30T18:00:05.6329852+00:00,ATL,Spoke with agent,Lost,,,,lonewolf,,,,,2d767fec72c52cc8
98245,2026-03-30T17:10:01.1676712+00:00,ATL,Spoke with agent,Lost,,,,www.curbio.com,,,,,b9da65b0c467f0b6
98244,2026-03-30T14:35:01.1673653+00:00,DAL,Lead,Lost,,,,KWOfferings,,,,,ab9adea1234a5219
98242,2026-03-29T20:25:01.359339+00:00,LA,Spoke with agent,Lost,,,,www.curbio.com,,,,,815e5d3ce32c4935
98241,2026-03-28T15:25:01.1194435+00:00,BAL,Spoke with agent,Lost,,,,www.curbio.com,,,,,0329a9eb9098839f
98240,2026-03-27T20:35:00.9393442+00:00,ATL,Lead,Lost,,,,www.curbio.com,,,,,0f21f1f2fa590050
98239,2026-03-27T20:15:00.7906932+00:00,RS,Spoke with agent,Lost,,,,lonewolf,,,,,626d4f7a60e9c6db
98238,2026-03-27T19:45:01.1687928+00:00,BAL,Lead,Lost,,,,www.curbio.com,,,,,ce516eb60139fd9e
98237,2026-03-27T11:55:01.2726766+00:00,BAL,Lead,Lost,,,,www.curbio.com,,,,,78ce1b3b94a3dc8f
98236,2026-03-27T00:00:05.2255193+00:00,ATL,Spoke with agent,Lost,,,,www.curbio.com,,,,,fc3c4339a412668c
98235,2026-03-25T20:45:01.3305445+00:00,ATL,Lead,Lost,,,,KWOfferings,,,,,a7c850b35f9b8ff0
98234,2026-03-25T19:40:03.1677054+00:00,ATL,Spoke with agent,Lost,,,,curbio.com/atlanta,,,,,0ab68e881eecb18a
98233,2026-03-25T19:15:01.3216762+00:00,DAL,Proposal sent,Lost,"30,189.2",,,www.curbio.com,,,,,1cd340f7454df6f2
98232,2026-03-25T15:25:01.1628702+00:00,ATL,Lead,Lost,,,,KWOfferings,,,,,c8685d8c21d5c2c2
98231,2026-03-24T22:25:01.0527774+00:00,ATL,Meeting scheduled,Lost,,,,www.curbio.com,,,,,aaf4d1c137bb814b
98230,2026-03-24T21:30:45.9511811+00:00,RS,Spoke with agent,Lost,,,,,,,,,
98229,2026-03-24T20:50:07.7020078+00:00,RS,Lead,Lost,,,,,,,,,77f2743da3545104
98228,2026-03-24T20:50:02.6800804+00:00,RS,Lead,Lost,,,,lonewolf,,,,,77f2743da3545104
98227,2026-03-24T19:45:03.8629643+00:00,DAL,Meeting scheduled,Lost,,,,www.curbio.com,,,,,c021a2acdb147338
98226,2026-03-24T19:00:05.5053109+00:00,ATL,Completed walkthrough,Lost,,,,AtlantaLP,,,,,f73b8125fefe211e
98225,2026-03-24T17:15:01.9517585+00:00,DC,Completed walkthrough,Lost,,,,www.curbio.com,,,,,4fa9c858037246e6
98224,2026-03-23T22:05:01.2285059+00:00,BAL,Lead,Lost,,,,www.curbio.com,,,,,81169da5ef2cbb2b
98223,2026-03-23T20:00:05.5840861+00:00,ATL,Lead,Lost,,,,KWOfferings,,,,,df85176605d297d4
98221,2026-03-23T18:20:01.9709617+00:00,DAL,Spoke with agent,Lost,,,,lonewolf,,,,,013d434e3decfa6e
98219,2026-03-23T13:30:01.3349342+00:00,NVA,Completed,Won,"39,057.02",,,www.curbio.com,,,,,9970aec10bd46e05
98217,2026-03-23T04:00:17.1884766+00:00,ATL,Spoke with agent,Lost,,,,curbio.com/atlanta,,,,,ad2edec01d83a0dc
98215,2026-03-23T04:00:09.3551409+00:00,ATL,Spoke with agent,Lost,,,,www.curbio.com,,,,,1f73096597719022
98214,2026-03-23T04:00:01.7430051+00:00,LA,Spoke with agent,Lost,,,,www.curbio.com,,,,,00db593df6d67bf0
98213,2026-03-22T08:50:01.076155+00:00,DC,Proposal sent,Lost,"16,755.4",,,www.curbio.com,,,,,d937470ba307bfed
98212,2026-03-22T04:00:10.0854106+00:00,RS,Meeting scheduled,Lost,,,,curbio.com/agents,,,,,f38851c8cfab15c7
98211,2026-03-22T04:00:01.9259494+00:00,DC,Contract sent,Lost,"23,990.67",,,www.curbio.com,,,,,1f877879f72319c3
98210,2026-03-21T23:25:01.0507559+00:00,LA,Spoke with agent,Lost,,,,www.curbio.com,,,,,1c529406c74968f0
98209,2026-03-20T18:54:00.881393+00:00,BAL,Spoke with agent,Lost,,,,,,,,,1d36d3440951cc87
98208,2026-03-20T18:45:06.1622565+00:00,RS,Lead,Lost,,,,www.curbio.com,,,,,d6567afe5244bda0
98206,2026-03-20T17:50:01.1251631+00:00,DAL,Spoke with agent,Lost,,,,www.curbio.com,,,,,946beb63bb6e9e82
98205,2026-03-20T16:55:01.1684108+00:00,DAL,Proposal sent,Lost,"44,844.43",,,www.curbio.com,,,,,c72dfe40a00a48ac
98204,2026-03-20T15:05:01.1419618+00:00,BAL,Completed,Won,"10,203.43",,,Long&FosterLift,,,,,28bc8cfc26c9163d
98202,2026-03-19T21:30:03.531199+00:00,BAL,Completed walkthrough,Lost,"14,336.46",,,www.curbio.com,,,,,479717614ec7832b
98201,2026-03-19T17:51:46.8775202+00:00,DAL,Proposal sent,Lost,"21,592",,,,,,,,a0a2b16e031ce540
98194,2026-03-18T15:45:06.3952224+00:00,DC,Lead,Lost,,,,www.curbio.com,,,,,50ef68b144c263ff
98193,2026-03-18T15:45:01.5974404+00:00,ATL,Lead,Lost,,,,www.curbio.com,,,,,b8792177cf284dc4
98192,2026-03-18T04:50:00.9468203+00:00,LA,Lead,Lost,,,,lonewolf,,,,,7d8d691c6618cb8b
98191,2026-03-17T22:04:55.4952245+00:00,LA,Completed,Won,"29,923.94",,,,,,,,b2daec00f4c3717a
98190,2026-03-17T22:00:05.047299+00:00,DAL,Lead,Lost,,,,lonewolf,,,,,c979c828dd7076e0
98189,2026-03-17T21:45:06.4046176+00:00,LA,Lead,Lost,,,,lonewolf,,,,,350dcde6842abc9a
98188,2026-03-17T21:45:00.4503223+00:00,NVA,Proposal sent,Lost,"28,712.99",,,www.curbio.com,,,,,d53891571316b63d
98187,2026-03-16T21:10:01.0413024+00:00,ATL,Meeting scheduled,Lost,,,,www.curbio.com,,,,,17168460b6d32e74
98186,2026-03-16T21:05:01.0318795+00:00,DAL,Spoke with agent,Lost,,,,KWOfferings,,,,,c4a8e79d50f71e11
98185,2026-03-16T20:47:20.2172616+00:00,DC,Proposal sent,Lost,"49,691.48",,,,,,,,e24526237a863bf9
98182,2026-03-16T17:05:00.6438375+00:00,DAL,Spoke with agent,Lost,,,,curbio.com/dallas,,,,,8eb206f08920f280
98181,2026-03-16T16:50:01.0106975+00:00,ATL,Spoke with agent,Lost,,,,KWOfferings,,,,,6c08658638c21b6f
98180,2026-03-16T16:20:00.98655+00:00,DC,Lead,Lost,,,,,,,,,60b307bc970b8a54
98178,2026-03-14T20:35:05.0289292+00:00,NVA,Lead,Lost,,,,www.curbio.com,,,,,2f6e902abe742331
98176,2026-03-14T15:30:03.0324531+00:00,ATL,Spoke with agent,Lost,,,,www.curbio.com,,,,,30bd9fb27ffc741c
98175,2026-03-13T21:55:02.6111307+00:00,ATL,Lead,Lost,,,,www.curbio.com,,,,,0257ce373d9c3999
98174,2026-03-13T19:11:19.3553076+00:00,NVA,Completed,Won,"39,475.01",,,Other,,,,,abf477fd0dbe6dea
98173,2026-03-13T17:35:00.9806682+00:00,DAL,Lead,Lost,,,,www.curbio.com,,,,,0a5b8abf3cc3ad4c
98172,2026-03-13T16:30:03.7058368+00:00,DAL,Spoke with agent,Lost,,,,www.curbio.com,,,,,d537bff0e90bd3d5
98171,2026-03-13T15:03:17.8639342+00:00,DAL,Proposal sent,Lost,"16,777",,,,,,,,e12ae73998feee44
98170,2026-03-13T14:40:06.1168466+00:00,ATL,Spoke with agent,Lost,,,,www.curbio.com,,,,,e91761f2e53f042d
98166,2026-03-12T16:24:44.1724992+00:00,NVA,Completed,Won,"2,012.21",,,,,,,,
98165,2026-03-12T15:15:03.5466644+00:00,ATL,Lead,Lost,,,,KWOfferings,,,,,70a3c50f53aa7c10
98163,2026-03-12T07:50:03.2585007+00:00,LA,Lead,Lost,,,,www.curbio.com,,,,,8df00351c2b220eb
98162,2026-03-11T19:23:35.3641566+00:00,ATL,Completed,Won,948,,,,,,,,b7cce784eb855e25
98161,2026-03-11T19:10:05.6889808+00:00,ATL,Spoke with agent,Lost,,,,lonewolf,,,,,c6d6f847e0888007
98160,2026-03-11T19:10:01.7453717+00:00,ATL,Lead,Lost,,,,www.curbio.com,,,,,322f2388e759964f
98157,2026-03-11T16:45:00.9377265+00:00,DC,Proposal sent,Lost,"48,139.74",,,Long&FosterLift,,,,,9693f01483a991f3
98156,2026-03-11T15:40:03.5208077+00:00,DAL,Spoke with agent,Lost,,,,Exp,,,,,37d001b5a080baf2
98154,2026-03-11T08:05:01.6593619+00:00,BAL,Lead,Lost,,,,www.curbio.com,,,,,30ff078dfbd87b40
98152,2026-03-10T23:05:03.0424366+00:00,RS,Lead,Lost,,,,www.curbio.com,,,,,6d68323c8cea618b
98151,2026-03-10T21:32:06.8329262+00:00,LA,Lead,Lost,,,,,,,,,40e417c0d5947a64
98150,2026-03-10T21:05:01.0288334+00:00,RS,Completed,Won,"38,868.29",,,www.curbio.com,,,,,2111f6cf28ec99d3
98148,2026-03-10T18:35:00.8728943+00:00,ATL,Proposal sent,Lost,"21,234.1",,,www.curbio.com,,,,,8d0f36c216451bb0
98146,2026-03-10T16:35:01.0841336+00:00,ATL,Spoke with agent,Lost,,,,lonewolf,,,,,c7c91ebb3c14a70b
98145,2026-03-10T15:30:03.8853098+00:00,BAL,Spoke with agent,Lost,,,,www.curbio.com,,,,,a3ac85436fd62609
98144,2026-03-10T13:55:03.9410642+00:00,BAL,Completed,Won,"71,458.27",,,Other,,,,,390d2d549bade0f0
98142,2026-03-10T13:45:04.0354516+00:00,ATL,Spoke with agent,Lost,,,,www.curbio.com,,,,,185a2ad2d470af51
98140,2026-03-09T20:55:48.1822742+00:00,RS,Meeting scheduled,Lost,,,,,,,,,9e117f2f4b44a99d
98139,2026-03-09T20:03:53.743959+00:00,ATL,Proposal sent,Lost,"39,464.56",,,,,,,,59fb4d2a5524ef2b
98136,2026-03-09T15:45:01.6246133+00:00,ATL,Spoke with agent,Lost,,,,www.curbio.com,,,,,981df45c50641549
98135,2026-03-09T15:20:04.7381871+00:00,DAL,Completed walkthrough,Lost,,,,www.curbio.com,,,,,c15602c6902e08f6
98134,2026-03-09T14:31:25.110859+00:00,ATL,Completed,Won,"4,003",,,,,,,,f974ff516e373292
98133,2026-03-09T01:00:06.1919348+00:00,DAL,Spoke with agent,Lost,,,,www.curbio.com,,,,,961d2ce120609913
98132,2026-03-09T00:00:04.1797635+00:00,NVA,Completed,Won,"41,068.96",,,Other,,,,,9869ce5fe8bea814
98131,2026-03-08T13:00:05.7476728+00:00,LA,Lead,Lost,,,,www.curbio.com,,,,,32bb32878f79fc85
98130,2026-03-08T04:00:05.7271711+00:00,ATL,Lead,Lost,,,,lonewolf,,,,,b33e74717dd17105
98129,2026-03-08T02:40:02.4241225+00:00,ATL,Spoke with agent,Lost,,,,Exp,,,,,145e07add2cdf089
98128,2026-03-07T23:50:03.853358+00:00,ATL,Spoke with agent,Lost,,,,www.curbio.com,,,,,51f402e9688aa41d
98127,2026-03-07T21:55:01.2524813+00:00,LA,Completed,Won,"89,381.84",,,www.curbio.com,,,,,82d3f3ffed28f460
98126,2026-03-07T13:10:01.2071344+00:00,NVA,Proposal sent,Lost,"6,250",,,Long&FosterLift,,,,,cac55426747a6044
98125,2026-03-06T18:30:04.2996055+00:00,LA,Lead,Lost,"6,195",,,,,,,,0483c0b5d0a71b44
98123,2026-03-06T17:10:18.8837436+00:00,NVA,Proposal sent,Lost,"48,594.32",,,,,,,,6a857ffcbf70cb90
98122,2026-03-06T15:30:01.1092319+00:00,BAL,Lead,Lost,,,,www.curbio.com,,,,,185dca2d7229e76a
98121,2026-03-06T15:10:01.2875675+00:00,DC,Completed,Won,"7,291.77",,,Long&FosterLift,,,,,1e8a959bcdda9cfd
98120,2026-03-06T04:05:01.5768032+00:00,DAL,Spoke with agent,Lost,,,,lonewolf,,,,,542dcbbc26b551b8
98119,2026-03-05T23:15:03.9502686+00:00,ATL,Spoke with agent,Lost,,,,www.curbio.com,,,,,aa850f42811b183d
98118,2026-03-05T21:46:06.010623+00:00,ATL,Spoke with agent,Lost,,,,,,,,,
98117,2026-03-05T15:10:01.0504699+00:00,NVA,Spoke with agent,Lost,,,,Long&FosterLift,,,,,1ee5580d1dfc5350
98116,2026-03-04T19:15:01.0951994+00:00,ATL,Lead,Lost,,,,lonewolf,,,,,a60dffcd92c54bd0
98115,2026-03-04T18:18:17.5438212+00:00,ATL,Completed,Won,915.47,,,,,,,,641c2ab9879ace94
98114,2026-03-04T17:25:01.1893771+00:00,NVA,Completed,Won,"3,856",,,www.curbio.com,,,,,56c9040e98ad3efd
98113,2026-03-04T15:54:51.7303998+00:00,ATL,Spoke with agent,Lost,,,,,,,,,05cbe279e94bb067
98112,2026-03-04T15:51:15.3182698+00:00,ATL,Completed walkthrough,Lost,,,,,,,,,51ad5d035e970fa7
98111,2026-03-04T15:20:02.8907705+00:00,BAL,Meeting scheduled,Lost,,,,www.curbio.com,,,,,d50905969c272895
98110,2026-03-03T20:15:01.4587223+00:00,DAL,Lead,Lost,,,,lonewolf,,,,,53aece657e21c422
98109,2026-03-03T19:50:01.3713554+00:00,ATL,Spoke with agent,Lost,,,,www.curbio.com,,,,,d19569ad82616570
98106,2026-03-02T22:56:50.3498833+00:00,DC,Spoke with agent,Lost,,,,,,,,,1aa4c74614b9e115
98105,2026-03-02T22:40:02.8961408+00:00,DAL,Lead,Lost,,,,www.curbio.com,,,,,c7f4e4df87955551
98102,2026-03-02T19:10:01.0976849+00:00,DAL,Spoke with agent,Lost,,,,www.curbio.com,,,,,f5bff7d336f2a8fb
98101,2026-03-02T18:10:01.4823737+00:00,ATL,Spoke with agent,Lost,,,,www.curbio.com,,,,,ca9e2e2d97e7d5d5
98100,2026-03-02T18:06:05.315358+00:00,DC,Spoke with agent,Lost,,,,,,,,,
98098,2026-03-02T15:50:01.0176175+00:00,ATL,Lead,Lost,,,,www.curbio.com,,,,,20c1aca837033a01
98096,2026-03-01T04:20:03.4562184+00:00,ATL,Spoke with agent,Lost,,,,www.curbio.com,,,,,7a23493afcff2168
98095,2026-02-28T01:05:01.1345901+00:00,BAL,Spoke with agent,Lost,,,,www.curbio.com,,,,,
98094,2026-02-27T21:39:26.2819127+00:00,ATL,Lead,Lost,"4,970",,,,,,,,f91d8a9f80f2bb40
98093,2026-02-27T21:20:03.7336957+00:00,ATL,Lead,Lost,,,,www.curbio.com,,,,,75744f2c92917064
98092,2026-02-27T20:15:01.0449152+00:00,BAL,Spoke with agent,Lost,,,,www.curbio.com,,,,,4b5e8ef3ab4d2750
98091,2026-02-27T19:35:00.9064208+00:00,ATL,Lead,Lost,,,,www.curbio.com,,,,,49c5e307df011490
98090,2026-02-27T15:55:01.0511882+00:00,BAL,Spoke with agent,Lost,,,,Long&FosterLift,,,,,9bc1dea841ed3541
98089,2026-02-27T11:20:03.6261506+00:00,BAL,Spoke with agent,Lost,,,,www.curbio.com,,,,,03987627fe6955cf
98086,2026-02-26T21:05:44.9975244+00:00,LA,Proposal sent,Lost,"6,758",,,,,,,,
98085,2026-02-26T19:35:01.6612756+00:00,ATL,Lead,Lost,,,,www.curbio.com,,,,,4b4d25f73b03ce7b
98084,2026-02-26T15:45:06.6496336+00:00,ATL,Spoke with agent,Lost,,,,lonewolf,,,,,2177b5bb956ee3ee
98083,2026-02-26T15:45:02.3301707+00:00,ATL,Lead,Lost,,,,www.curbio.com,,,,,6798b8a7c2cf5dc6
98081,2026-02-25T19:30:03.419523+00:00,DAL,Lead,Lost,,,,lonewolf,,,,,e68f1f1a45661182
98080,2026-02-25T18:36:08.4882964+00:00,NVA,Contract sent,Lost,"1,346.44",,,,,,,,
98078,2026-02-24T23:20:01.8894398+00:00,LA,Spoke with agent,Lost,,,,www.curbio.com,,,,,16c6d1c06b274fa2
98077,2026-02-24T22:20:02.2492582+00:00,NVA,Completed,Won,"8,725.6",,,,,,,,718095b6f699e0ab
98072,2026-02-23T21:02:39.2795962+00:00,BAL,Lead,Lost,,,,,,,,,
98071,2026-02-23T17:50:03.5914046+00:00,NVA,Completed walkthrough,Lost,,,,curbio.com/nova,,,,,282706f3142e8025
98070,2026-02-23T17:10:00.957016+00:00,DAL,Lead,Lost,,,,www.curbio.com,,,,,1242bb7f1062f978
98069,2026-02-23T13:40:02.3782439+00:00,ATL,Proposal sent,Lost,"21,907.36",,,www.curbio.com,,,,,41f560c88f54b422
98068,2026-02-23T05:20:11.6531785+00:00,LA,Lead,Lost,,,,www.curbio.com,,,,,e1f66dbabb287eed
98065,2026-02-22T20:05:03.2930425+00:00,ATL,Spoke with agent,Lost,,,,www.curbio.com,,,,,2a32e1bca3394fcd
98064,2026-02-21T18:55:01.3239138+00:00,DAL,Spoke with agent,Lost,,,,www.curbio.com,,,,,0ab17fe7a6469280
98063,2026-02-20T23:33:25.3643684+00:00,NVA,Proposal sent,Lost,"41,801.21",,,,,,,,f7a5235e9d05b88a
98060,2026-02-20T20:50:01.3825746+00:00,BAL,Lead,Lost,,,,curbio.com/maryland,,,,,c5f3ae4bab4d2e50
98059,2026-02-20T04:15:01.5376233+00:00,NVA,Meeting scheduled,Lost,,,,www.curbio.com,,,,,250ad3479f8d652f
98058,2026-02-20T01:00:05.1889726+00:00,ATL,Meeting scheduled,Lost,,,,www.curbio.com,,,,,51ad5d035e970fa7
98057,2026-02-19T22:45:01.1726325+00:00,ATL,Spoke with agent,Lost,,,,www.curbio.com,,,,,3470a2aa75202482
98056,2026-02-19T22:20:05.6184303+00:00,RS,Spoke with agent,Lost,,,,www.curbio.com,,,,,4016441de4966e7f
98055,2026-02-19T19:04:07.931616+00:00,LA,Lead,Lost,,,,,,,,,
98053,2026-02-19T18:55:01.0839795+00:00,NVA,Lead,Lost,,,,www.curbio.com,,,,,ce4c75f0c0400915
98052,2026-02-19T18:11:02.0186772+00:00,RS,Proposal sent,Lost,"24,770",,,,,,,,9e117f2f4b44a99d
98051,2026-02-19T17:07:36.0646783+00:00,NVA,Proposal sent,Lost,"26,655.54",,,,,,,,abf477fd0dbe6dea
98050,2026-02-19T16:42:54.7330972+00:00,NVA,Proposal sent,Lost,"26,335.65",,,,,,,,aae3307d1ad2eb3b
98049,2026-02-19T16:10:01.113707+00:00,NMD,Proposal sent,Lost,"53,239.28",,,www.curbio.com,,,,,d6838634782095af
98048,2026-02-19T05:00:06.374786+00:00,SMD,Lead,Lost,,,,www.curbio.com,,,,,39703f415cc6fcc7
98047,2026-02-19T00:45:01.713432+00:00,DAL,Spoke with agent,Lost,,,,lonewolf,,,,,49c661d85aac84d3
98046,2026-02-18T19:55:01.5599121+00:00,ATL,Spoke with agent,Lost,,,,www.curbio.com,,,,,eabd53e25c15d6cc
98045,2026-02-18T19:42:46.2776034+00:00,BAL,Spoke with agent,Lost,,,,,,,,,c9bc32e65a5937c4
98044,2026-02-18T19:05:01.948284+00:00,SMD,Spoke with agent,Lost,,,,,,,,,0466035edb844d3d
98043,2026-02-18T18:50:01.0709533+00:00,DAL,Lead,Lost,,,,www.curbio.com,,,,,00d73c7c15162c35
98042,2026-02-18T18:32:31.4795635+00:00,LA,Spoke with agent,Lost,,,,,,,,,fd1b744b1582e195
98041,2026-02-18T18:30:04.1859404+00:00,ATL,Spoke with agent,Lost,,,,www.curbio.com,,,,,e68ce6a41a830806
98040,2026-02-18T16:30:01.4982393+00:00,ATL,Spoke with agent,Lost,,,,www.curbio.com,,,,,44a9e4448cb45dbf
98039,2026-02-17T22:55:01.5868406+00:00,DAL,Spoke with agent,Lost,,,,curbio.com/dallas,,,,,27ddbd6e3575de7b
98037,2026-02-17T21:35:00.480092+00:00,BAL,Lead,Lost,,,,,,,,,d4a54b7c7bde40c2
98036,2026-02-17T20:13:11.6094624+00:00,LA,Proposal sent,Lost,"132,992.01",,,,,,,,b5948aab94ade116
98035,2026-02-17T20:05:05.7788909+00:00,BAL,Spoke with agent,Lost,,,,,,,,,129cd8f6ff3ff7f5
98033,2026-02-16T23:05:02.4318351+00:00,DC,Lead,Lost,,,,www.curbio.com,,,,,d844ba4f60e06faa
98032,2026-02-16T19:44:42.413368+00:00,NVA,Completed walkthrough,Lost,"4,151.07",,,,,,,,25bb2e554b9533de
98031,2026-02-16T19:36:12.3769635+00:00,NVA,Proposal sent,Lost,"9,898.2",,,,,,,,ad4bf132265f7b36
98030,2026-02-16T16:17:27.8294394+00:00,ATL,Spoke with agent,Lost,,,,,,,,,9b98c9678bf2ee69
98029,2026-02-16T04:35:01.0541798+00:00,LA,Proposal sent,Lost,"47,187.42",,,Exp,,,,,7042668a00d3ed46
98028,2026-02-15T17:35:01.2142958+00:00,DAL,Spoke with agent,Lost,,,,www.curbio.com,,,,,19a20c2617fccff5
98027,2026-02-13T23:25:02.4062929+00:00,ATL,Lead,Lost,,,,www.curbio.com,,,,,a7a4a2565b8b1049
98025,2026-02-13T21:07:54.371839+00:00,NVA,Proposal sent,Lost,"22,876.63",,,,,,,,ad4bf132265f7b36
98019,2026-02-13T00:50:03.4759465+00:00,NVA,Lead,Lost,,,,www.curbio.com,,,,,37757f6e7d3bac30
98018,2026-02-12T21:47:56.1420373+00:00,SMD,Spoke with agent,Lost,,,,,,,,,18a8d4275b628744
98016,2026-02-12T20:55:01.9074791+00:00,ATL,Lead,Lost,,,,www.curbio.com,,,,,cc7f200038506708
98010,2026-02-11T20:50:00.6172163+00:00,NVA,Meeting scheduled,Lost,,,,,,,,,8f303171a553cce9
98009,2026-02-11T20:25:01.6113747+00:00,BAL,Lead,Lost,,,,Long&FosterLift,,,,,4697ceaa3acbe717
98008,2026-02-11T20:02:58.8547946+00:00,BAL,Completed,Won,"20,060.74",,,,,,,,c09cd966cb15d08a
98007,2026-02-11T19:36:38.1963095+00:00,ATL,Spoke with agent,Lost,,,,,,,,,3cffe2595ae69267
98006,2026-02-11T16:15:03.236418+00:00,BAL,Proposal sent,Lost,"34,730.04",,,Long&FosterLift,,,,,77f5930625c1dade
98005,2026-02-11T06:50:02.2353679+00:00,RS,Lead,Lost,,,,www.curbio.com,,,,,67afff159908a530
98004,2026-02-11T01:32:14.3575933+00:00,BAL,Proposal sent,Lost,"57,197.36",,,,,,,,7fbf4ea82311c84d
98003,2026-02-10T23:20:14.5228396+00:00,RS,Spoke with agent,Lost,,,,,,,,,be1c3ad467f01d3a
98001,2026-02-10T19:05:01.3777877+00:00,BAL,Proposal sent,Lost,"5,933.46",,,Long&FosterLift,,,,,a50ab82619726b29
98000,2026-02-10T18:25:01.3440608+00:00,SEA,Lead,Lost,,,,curbio.com/seattle,,,,,5bded0a81f570624
97999,2026-02-10T16:49:01.8323197+00:00,LA,Spoke with agent,Lost,"50,265.79",,,,,,,,4dff2f1911cc48de
97998,2026-02-10T16:00:04.5094044+00:00,DAL,Lead,Lost,,,,www.curbio.com,,,,,b1d02a35cb51d822
97996,2026-02-09T16:31:56.5158488+00:00,RS,Spoke with agent,Lost,"8,292.3",,,,,,,,9e117f2f4b44a99d
97994,2026-02-09T15:48:13.4433502+00:00,BAL,Proposal sent,Lost,0,,,,,,,,b1058cb6ee90c2ac
97993,2026-02-08T18:25:00.9605001+00:00,LA,Lead,Lost,,,,lonewolf,,,,,bb35720e26f269ca
97992,2026-02-08T15:20:02.6182493+00:00,ATL,Spoke with agent,Lost,,,,curbio.com/atlanta,,,,,1a2aab11de3696d3
97991,2026-02-07T17:40:02.924579+00:00,SD,Spoke with agent,Lost,,,,www.curbio.com,,,,,48bbce1e7fa6f429
97990,2026-02-07T16:00:02.6598538+00:00,DAL,Lead,Lost,,,,www.curbio.com,,,,,f4ac5b2a7ff7a9c6
97989,2026-02-07T15:25:01.1588559+00:00,DAL,Lead,Lost,,,,www.curbio.com,,,,,2a8bc1bbbeae071c
97986,2026-02-06T15:15:01.0274925+00:00,ATL,Spoke with agent,Lost,,,,www.curbio.com,,,,,19c88c4812974757
97985,2026-02-06T14:59:43.5556944+00:00,DAL,Proposal sent,Lost,"20,131.74",,,,,,,,4b7865148dee4502
97984,2026-02-06T01:25:02.8870972+00:00,ATL,Lead,Lost,,,,lonewolf,,,,,47267c6c72871785
97983,2026-02-06T00:10:01.0096376+00:00,SD,Spoke with agent,Lost,,,,lonewolf,,,,,c9a942b98a3f0e24
97980,2026-02-05T19:55:00.6423776+00:00,DAL,Spoke with agent,Lost,,,,www.curbio.com,,,,,a014d12ab2f27e83
97979,2026-02-05T19:31:13.1608208+00:00,NVA,Lead,Lost,,,,lonewolf,,,,,ff1455440387d9d6
97978,2026-02-05T19:31:09.8467612+00:00,NVA,Lead,Lost,,,,www.curbio.com,,,,,3f3f47b492b3e7b4
97977,2026-02-05T19:31:06.6607142+00:00,BAL,Spoke with agent,Lost,,,,Long&FosterLift,,,,,0c6c2f58a2f8e2dc
97972,2026-02-04T19:30:04.1097559+00:00,ATL,Spoke with agent,Lost,,,,www.curbio.com,,,,,e53ff039c315551c
97970,2026-02-03T22:05:00.816961+00:00,ATL,Lead,Lost,,,,www.curbio.com,,,,,01e6882c924bb461
97969,2026-02-03T20:19:02.7894396+00:00,ATL,Spoke with agent,Lost,,,,,,,,,
97968,2026-02-03T19:20:02.7232853+00:00,ATL,Spoke with agent,Lost,,,,curbio.com/atlanta,,,,,b8b922dfea752e82
97966,2026-02-03T15:45:02.307561+00:00,DAL,Lead,Lost,,,,www.curbio.com,,,,,3dea3e9b562e00d2
97964,2026-02-03T14:55:01.2472804+00:00,BAL,Spoke with agent,Lost,,,,Long&FosterLift,,,,,6f472c5c11f37c9f
97962,2026-02-03T14:35:01.4282902+00:00,BAL,Spoke with agent,Lost,,,,Long&FosterLift,,,,,9d9aa77919ff54e5
97959,2026-02-02T23:31:53.860062+00:00,SEA,Proposal sent,Lost,"1,296",,,,,,,,7cc0b2478013f9cc
97958,2026-02-02T22:35:00.8736958+00:00,ATL,Spoke with agent,Lost,,,,curbio.com/atlanta,,,,,08b88a103f2d3702
97956,2026-02-02T19:25:01.3318888+00:00,LA,Spoke with agent,Lost,,,,www.curbio.com,,,,,ed9136ddb4d3479a
97954,2026-02-02T15:30:03.7067178+00:00,SEA,Meeting scheduled,Lost,,,,www.curbio.com,,,,,737dc2ccf0277716
97953,2026-02-02T15:05:01.4541036+00:00,BAL,Proposal sent,Lost,"6,209.05",,,Long&FosterLift,,,,,14dbe9cef236eba3
97952,2026-02-02T14:25:01.31029+00:00,BAL,Meeting scheduled,Lost,,,,www.curbio.com,,,,,18a8d4275b628744
97951,2026-02-02T13:55:00.8334577+00:00,NVA,Proposal sent,Lost,"20,986.26",,,curbio.com/nova,,,,,472df18ea1c2f84c
97950,2026-02-02T05:25:03.4841982+00:00,SMD,Spoke with agent,Lost,,,,Long&FosterLift,,,,,0bc8dec95637e2f6
97949,2026-02-02T03:05:00.9436847+00:00,ATL,Spoke with agent,Lost,,,,www.curbio.com,,,,,23c26981d9c92aab
97948,2026-02-01T18:30:03.1106762+00:00,BAL,Spoke with agent,Lost,,,,www.curbio.com,,,,,3ce00a16aec050c4
97947,2026-02-01T15:55:01.0121309+00:00,ATL,Proposal sent,Lost,"14,816.13",,,AtlantaLP,,,,,4a1f80cb2f24c2a3
97946,2026-02-01T12:55:01.6870023+00:00,BAL,Proposal sent,Lost,"115,570.41",,,www.curbio.com,,,,,18a0ada262fd107b
97945,2026-01-31T20:50:01.1024039+00:00,DAL,Lead,Lost,,,,Exp,,,,,f37e17dc4a619d9a
97944,2026-01-31T18:15:01.200816+00:00,ATL,Lead,Lost,,,,www.curbio.com,,,,,a92dd7fd37079bc4
97943,2026-01-31T01:35:59.8798573+00:00,NMD,Proposal sent,Lost,"34,615.42",,,,,,,,0450b4abce0c95c7
97942,2026-01-30T20:35:01.067865+00:00,SD,Spoke with agent,Lost,,,,www.curbio.com,,,,,e9e88b5fa2d9669b
97941,2026-01-30T18:28:02.8116921+00:00,ATL,Completed,Won,"8,144.94",,,Other,,,,,
97940,2026-01-30T14:47:01.935625+00:00,NVA,Meeting scheduled,Lost,,,,,,,,,c5c9bd58b19ee905
97930,2026-01-29T18:45:00.8224252+00:00,SD,Spoke with agent,Lost,,,,www.curbio.com,,,,,4095e00cae2bc01e
97926,2026-01-29T14:00:03.3982305+00:00,DAL,Spoke with agent,Lost,,,,www.curbio.com,,,,,ad2822b767401569
97925,2026-01-29T01:20:01.9409897+00:00,ATL,Spoke with agent,Lost,,,,www.curbio.com,,,,,85c50697ecbf222b
97924,2026-01-28T22:45:01.1063458+00:00,LA,Proposal sent,Lost,"14,886.69",,,www.curbio.com,,,,,9e117f2f4b44a99d
97921,2026-01-28T13:55:01.1904457+00:00,ATL,Spoke with agent,Lost,,,,curbio.com/atlanta,,,,,42b137b1cf8b7f6f
97920,2026-01-27T22:41:43.2055282+00:00,LA,Lead,Lost,,,,,,,,,fabe1cfddd4363b7
97919,2026-01-27T22:39:55.162208+00:00,RS,Lead,Lost,,,,,,,,,697540f24a6c4732
97918,2026-01-27T21:50:01.1447306+00:00,DAL,Spoke with agent,Lost,,,,www.curbio.com,,,,,a2920bf80dcfc0e6
97917,2026-01-26T16:50:04.7156555+00:00,ATL,Lead,Lost,,,,www.curbio.com,,,,,85819470b9d6c560
97915,2026-01-26T16:20:02.5222877+00:00,NVA,Proposal sent,Lost,"18,173.18",,,Long&FosterLift,,,,,b4779dc71da47fa7
97914,2026-01-26T02:40:02.6597721+00:00,DC,Meeting scheduled,Lost,,,,www.curbio.com,,,,,642162eb17efe41a
97913,2026-01-24T17:30:00.8653182+00:00,ATL,Proposal sent,Lost,"7,103.92",,,www.curbio.com,,,,,adb0a50a4ba0a1e9
97911,2026-01-24T00:54:07.5146348+00:00,SEA,Proposal sent,Lost,"12,448.2",,,,,,,,103b46d9e51de729
97910,2026-01-23T19:20:02.1265648+00:00,BAL,Lead,Lost,,,,lonewolf,,,,,709ab0305344545f
97909,2026-01-23T18:35:01.163153+00:00,ATL,Lead,Lost,,,,curbio.com/atlanta,,,,,31c9f0ed6199549c
97908,2026-01-23T16:45:02.5046654+00:00,SD,Proposal sent,Lost,"12,328.5",,,www.curbio.com,,,,,6aa6d1b31c0b6dd6
97907,2026-01-23T03:50:01.4688854+00:00,BAL,Completed,Won,"7,805.19",,,Long&FosterLift,,,,,ecb5aabc09b64313
97906,2026-01-22T23:26:53.223894+00:00,LA,Meeting scheduled,Lost,,,,,,,,,361c9314ce159cea
97905,2026-01-22T20:15:05.3354679+00:00,ATL,Spoke with agent,Lost,,,,www.curbio.com,,,,,7c49ffbc015493ca
97904,2026-01-22T19:40:00.5213708+00:00,LA,Spoke with agent,Lost,,,,,,,,,d928a5111c2b740f
97903,2026-01-22T19:35:00.4316397+00:00,SMD,Proposal sent,Lost,"18,773.68",,,,,,,,484c985f35bd8dc6
97901,2026-01-22T18:45:00.9181561+00:00,DAL,Lead,Lost,,,,www.curbio.com,,,,,bd111e6386db62b7
97900,2026-01-22T17:56:16.045921+00:00,SEA,Proposal sent,Lost,"17,753.5",,,,,,,,103b46d9e51de729
97899,2026-01-22T15:20:02.0922557+00:00,BAL,Spoke with agent,Lost,,,,www.curbio.com,,,,,ac4078acc6a9fe6a
97898,2026-01-22T03:20:02.8610908+00:00,BAL,Proposal sent,Lost,"34,109.04",,,curbio.com/agents,,,,,6f72ef2d0d394063
97896,2026-01-21T15:55:00.894385+00:00,DC,Spoke with agent,Lost,,,,www.curbio.com,,,,,b62b05e648fefe75
97895,2026-01-20T22:55:33.9394631+00:00,LA,Contract sent,Lost,"23,406.73",,,,,,,,b748994702c63796
97894,2026-01-20T22:55:00.391303+00:00,RS,Spoke with agent,Lost,,,,,,,,,99db284b95a4714d
97893,2026-01-20T22:50:00.9685157+00:00,SD,Lead,Lost,,,,SanDiegoLP,,,,,efbe22c67e15ac89
97891,2026-01-20T21:02:31.9592707+00:00,NMD,Spoke with agent,Lost,,,,,,,,,a68eb10a86d86b07
97890,2026-01-20T18:06:25.8552954+00:00,LA,Meeting scheduled,Lost,,,,,,,,,361c9314ce159cea
97888,2026-01-20T15:28:20.7184356+00:00,DAL,Completed walkthrough,Lost,"63,641.22",,,,,,,,f96b1690bd562ca4
97887,2026-01-19T21:40:02.3603071+00:00,DAL,Spoke with agent,Lost,,,,www.curbio.com,,,,,54f8f351f34d7c16
97886,2026-01-19T21:30:21.9805358+00:00,LA,Proposal sent,Lost,"20,913.17",,,,,,,,37a4f1b87af0c254
97885,2026-01-19T20:00:09.7559014+00:00,BAL,Lead,Lost,,,,www.curbio.com,,,,,76f7e29cef07a190
97883,2026-01-19T18:55:01.4842222+00:00,BAL,Spoke with agent,Lost,,,,,,,,,a51616cf54752259
97880,2026-01-17T20:35:01.3704047+00:00,DC,Spoke with agent,Lost,,,,www.curbio.com,,,,,0b2fc7d4d4b0da0e
97879,2026-01-17T18:15:03.0092968+00:00,SMD,Lead,Lost,,,,Long&FosterLift,,,,,9720f36c4a2ba3fb
97878,2026-01-17T16:05:01.2508276+00:00,LA,Lead,Lost,,,,www.curbio.com,,,,,a8472a83f128ff86
97877,2026-01-17T14:50:01.2120715+00:00,ATL,Spoke with agent,Lost,,,,www.curbio.com,,,,,d61421f4c9f96c0c
97876,2026-01-17T14:20:01.8552046+00:00,RS,Spoke with agent,Lost,,,,www.curbio.com,,,,,91e75e06b410523e
97875,2026-01-16T22:45:03.9169556+00:00,SEA,Spoke with agent,Lost,,,,,,,,,b3f6ca261f802636
97874,2026-01-16T21:50:00.6618579+00:00,DAL,Lead,Lost,,,,curbio.com/dallas,,,,,a3bf9fb3cf7ac8d5
97873,2026-01-16T21:41:47.4573995+00:00,NVA,Proposal sent,Lost,"62,831.68",,,,,,,,c2bd310743d1b6d3
97872,2026-01-16T21:20:02.7034263+00:00,BAL,Proposal sent,Lost,"108,841.64",,,Long&FosterLift,,,,,4277e5f5ab5deefd
97870,2026-01-16T19:12:22.3593406+00:00,NVA,Proposal sent,Lost,"35,032.11",,,,,,,,60ff1a19ea3fd85c
97869,2026-01-16T17:15:02.6312306+00:00,LA,Proposal sent,Lost,"23,396",,,www.curbio.com,,,,,e8a7756128b823e7
97866,2026-01-16T15:03:09.4812429+00:00,NVA,Proposal sent,Lost,"18,437.53",,,,,,,,d8e773edcf26d6cd
97865,2026-01-16T14:55:01.2519364+00:00,NVA,Proposal sent,Lost,"29,557.49",,,www.curbio.com,,,,,1aea1deaffc5a9dc
97864,2026-01-16T01:10:00.7725468+00:00,ATL,Spoke with agent,Lost,,,,www.curbio.com,,,,,970d19d23303efee
97863,2026-01-15T17:05:01.0669033+00:00,NVA,Proposal sent,Lost,"5,927.65",,,Long&FosterLift,,,,,c2bd310743d1b6d3
97862,2026-01-15T15:00:05.9348873+00:00,BAL,Lead,Lost,,,,Long&FosterLift,,,,,fbb6a58d32f24e83
97861,2026-01-15T13:25:01.1291013+00:00,NVA,Proposal sent,Lost,"57,905.76",,,Long&FosterLift,,,,,e2017000970bbf72
97860,2026-01-15T06:00:11.4025465+00:00,SEA,Proposal sent,Lost,"43,677",,,www.curbio.com,,,,,c769eb0b6c65e8e6
97858,2026-01-14T22:00:01.3946983+00:00,NVA,Proposal sent,Lost,"26,449.04",,,,,,,,8e7b4ecb914994ed
97857,2026-01-14T18:58:16.4722485+00:00,BAL,Spoke with agent,Lost,,,,,,,,,72dc4997d33c7af9
97856,2026-01-14T17:42:06.6044244+00:00,NVA,Proposal sent,Lost,"26,819.37",,,,,,,,1250b17fb0567cb9
97855,2026-01-13T20:50:01.0204197+00:00,DC,Proposal sent,Lost,"26,598.32",,,www.curbio.com,,,,,
97854,2026-01-13T19:10:01.7040162+00:00,BAL,WIP,Won,"24,097.04",,,www.curbio.com,,,,,11c2cd907055c107
97853,2026-01-13T18:10:01.0793154+00:00,SEA,Proposal sent,Lost,"15,370.52",,,Exp,,,,,45ae3f21c38d05c5
97852,2026-01-13T09:20:02.8678295+00:00,BAL,Lead,Lost,,,,www.curbio.com,,,,,be3f0c61069895c5
97851,2026-01-13T00:55:00.8898216+00:00,SD,Lead,Lost,,,,www.curbio.com,,,,,7efeb6cd98c0ae21
97847,2026-01-12T19:54:26.2352056+00:00,BAL,Spoke with agent,Lost,,,,,,,,,2cd1c30f5e6bea25
97845,2026-01-12T17:01:52.0460277+00:00,NVA,Completed,Won,"79,242.47",,,Other,,,,,8a5f99c531eec478
97842,2026-01-12T05:05:01.3378711+00:00,ATL,Completed walkthrough,Lost,"49,680",,,www.curbio.com,,,,,7da825ce94252ec5
97841,2026-01-11T23:05:01.2200458+00:00,ATL,Completed walkthrough,Lost,,,,curbio.com/atlanta,,,,,2b1e7dd9c8345fdb
97840,2026-01-10T19:50:02.398605+00:00,LA,Lead,Lost,,,,www.curbio.com,,,,,389edd281bc6b730
97839,2026-01-10T14:40:03.5534899+00:00,DAL,Spoke with agent,Lost,,,,curbio.com/dallas,,,,,8d52111801e34449
97838,2026-01-10T12:10:01.8986176+00:00,ATL,Lead,Lost,,,,www.curbio.com,,,,,5bd50601818f5703
97837,2026-01-09T22:40:01.9886131+00:00,BAL,Completed walkthrough,Lost,,,,www.curbio.com,,,,,6ae8707d9f658706
97836,2026-01-09T22:20:01.6013877+00:00,DAL,Spoke with agent,Lost,,,,www.curbio.com,,,,,d57a4379e54b9a65
97835,2026-01-09T21:06:44.9454839+00:00,DC,Spoke with agent,Lost,,,,,,,,,eeb129cea0259d0a
97833,2026-01-09T19:20:04.0808708+00:00,BAL,Proposal sent,Lost,"33,730.19",,,Long&FosterLift,,,,,77f5930625c1dade
97832,2026-01-09T18:00:05.0704775+00:00,ATL,Spoke with agent,Lost,,,,www.curbio.com,,,,,515355882496adb2
97830,2026-01-09T15:35:35.3212441+00:00,NVA,Proposal sent,Lost,"70,259.07",,,,,,,,abf477fd0dbe6dea
97828,2026-01-09T00:58:37.9046294+00:00,SEA,Proposal sent,Lost,"19,095.97",,,,,,,,ae8528fbb8f57e26
97827,2026-01-08T22:55:01.3257345+00:00,DAL,Spoke with agent,Lost,,,,curbio.com/dallas,,,,,5ff83aa3288742ed
97823,2026-01-08T16:15:09.131806+00:00,BAL,Spoke with agent,Lost,,,,www.curbio.com,,,,,6d419ec412d0af6d
97821,2026-01-07T20:39:14.0310102+00:00,SEA,Proposal sent,Lost,"12,059",,,,,,,,21af877d750d9fc3
97820,2026-01-07T18:45:05.1031933+00:00,LA,Lead,Lost,,,,www.curbio.com,,,,,30a57c3273e1852a
97819,2026-01-07T16:55:01.3709664+00:00,BAL,Lead,Lost,,,,www.curbio.com,,,,,df3a2e1333763388
97818,2026-01-07T15:15:01.3150957+00:00,ATL,Spoke with agent,Lost,,,,www.curbio.com,,,,,fa222dbe17868e15
97817,2026-01-07T05:45:01.6106246+00:00,LA,Proposal sent,Lost,"83,133.17",,,www.curbio.com,,,,,fa4f86294d81fb54
97816,2026-01-07T03:25:03.1143181+00:00,DC,Spoke with agent,Lost,,,,Long&FosterLift,,,,,fd68bb1ccc11f71f
97815,2026-01-06T22:20:03.7268941+00:00,RS,Lead,Lost,,,,www.curbio.com,,,,,5ddc6edecc338cff
97814,2026-01-06T20:35:00.4096042+00:00,SEA,Completed walkthrough,Lost,"60,135.14",,,,,,,,03c391aba98e4530
97812,2026-01-06T17:50:01.5461917+00:00,NMD,Lead,Lost,,,,Long&FosterLift,,,,,0ca4f8ede3b39035
97802,2026-01-05T22:20:03.7762197+00:00,BAL,Spoke with agent,Lost,,,,Long&FosterLift,,,,,acb53b6ba463ffb9
97801,2026-01-05T21:50:01.3754912+00:00,BAL,Completed walkthrough,Lost,"20,438.43",,,Long&FosterLift,,,,,acb53b6ba463ffb9
97797,2026-01-05T15:23:55.9402545+00:00,SMD,Waiting on deposit,Lost,"9,622.55",,,,,,,,731e788d86a1d67b
97796,2026-01-03T16:05:03.428754+00:00,ATL,Contract sent,Lost,"45,267.18",,,Exp,,,,,2e964fb30628bf9f
97795,2026-01-02T00:25:01.4648408+00:00,LA,Proposal sent,Lost,"5,976.9",,,Exp,,,,,36898b0dae25979d
