Created date,Won date,Revenue,Deal type,Agent key,Label
2025-10-21T22:25:05.6456216+00:00,2026-03-25T22:30:55.1836248+00:00,"37,726.12",Seller,0ece3058619dd217,LA Seller won 2026-03-25
2025-10-28T13:40:09.2576705+00:00,2026-02-16T20:01:40.8295818+00:00,"45,184.29",Seller,8a5f99c531eec478,NVA Seller won 2026-02-16
2025-11-25T21:06:11.1765794+00:00,2026-01-09T16:26:00.634459+00:00,"15,708.08",Seller,6deafbd6aaf02bb5,NVA Seller won 2026-01-09
2025-12-07T17:20:10.541288+00:00,2026-01-07T03:17:28.3591202+00:00,"18,920.02",Seller,b7fa2a94ee0d8028,NVA Seller won 2026-01-07
2025-12-09T21:40:07.2301695+00:00,2026-03-06T19:00:48.4735367+00:00,"16,444.83",Seller,42f255430b0220e2,NVA Seller won 2026-03-06
2026-01-08T20:05:32.6886645+00:00,2026-01-09T21:36:25.7515641+00:00,"5,279.35",Change order,9869ce5fe8bea814,NVA Change order won 2026-01-09
2026-01-08T21:56:06.0907668+00:00,2026-01-13T14:13:47.5614889+00:00,"1,077.96",Change order,,BAL Change order won 2026-01-13
2026-01-09T20:51:50.8615046+00:00,2026-01-20T20:27:04.1420107+00:00,"1,192.09",Change order,483f37e37ecb7adb,DC Change order won 2026-01-20
2026-01-12T17:01:56.0354906+00:00,2026-03-02T20:14:11.7066897+00:00,"79,242.47",Seller,8a5f99c531eec478,NVA Seller won 2026-03-02
2026-01-12T18:20:37.7663014+00:00,2026-01-12T21:07:54.6806286+00:00,405.04,Change order,0450b4abce0c95c7,BAL Change order won 2026-01-12
2026-01-13T19:10:05.7686639+00:00,2026-03-06T22:05:14.609321+00:00,"24,097.04",Seller,11c2cd907055c107,BAL Seller won 2026-03-06
2026-01-23T03:50:04.4749263+00:00,2026-02-12T01:57:32.2351739+00:00,"7,805.19",Seller,ecb5aabc09b64313,BAL Seller won 2026-02-12
2026-01-29T21:02:30.0761369+00:00,2026-01-30T01:48:15.5691938+00:00,257.5,Change order,9869ce5fe8bea814,NVA Change order won 2026-01-30
2026-01-30T18:28:05.2270893+00:00,2026-02-18T17:11:50.6833059+00:00,"8,144.94",Seller,,ATL Seller won 2026-02-18
2026-02-05T12:44:14.427676+00:00,2026-02-05T17:22:32.9444945+00:00,700,Change order,9869ce5fe8bea814,NVA Change order won 2026-02-05
2026-02-11T20:03:02.1412568+00:00,2026-02-23T21:08:34.4352083+00:00,"20,060.74",Seller,c09cd966cb15d08a,BAL Seller won 2026-02-23
2026-02-13T15:31:45.0194366+00:00,2026-02-13T18:28:53.1712665+00:00,605.7,Change order,8a5f99c531eec478,NVA Change order won 2026-02-13
2026-02-19T18:59:47.1653848+00:00,2026-02-19T20:57:16.116148+00:00,"1,364.26",Change order,9869ce5fe8bea814,NVA Change order won 2026-02-19
2026-02-24T22:20:06.7025577+00:00,2026-03-04T19:47:41.6801624+00:00,"8,725.6",Seller,718095b6f699e0ab,NVA Seller won 2026-03-04
2026-02-26T15:39:24.0099179+00:00,2026-02-26T16:43:00.4151959+00:00,480,Change order,8a5f99c531eec478,NVA Change order won 2026-02-26
2026-03-02T19:38:39.6441027+00:00,2026-03-02T22:40:58.6788508+00:00,"1,475.44",Change order,b7fa2a94ee0d8028,NVA Change order won 2026-03-02
2026-03-02T22:08:08.1968657+00:00,2026-03-04T14:33:06.0731063+00:00,313.5,Change order,c09cd966cb15d08a,BAL Change order won 2026-03-04
2026-03-03T18:38:58.7555825+00:00,2026-03-09T14:02:11.60892+00:00,"2,059.2",Change order,8a5f99c531eec478,NVA Change order won 2026-03-09
2026-03-04T17:25:04.6451793+00:00,2026-03-12T16:19:14.13731+00:00,"3,856",Seller,56c9040e98ad3efd,NVA Seller won 2026-03-12
2026-03-04T18:18:20.9347053+00:00,2026-03-10T22:02:00.2039456+00:00,915.47,Buyer,641c2ab9879ace94,ATL Buyer won 2026-03-10
2026-03-06T15:10:04.2962653+00:00,2026-05-05T14:58:27.3291306+00:00,"7,291.77",Seller,1e8a959bcdda9cfd,DC Seller won 2026-05-05
2026-03-07T21:55:04.6763237+00:00,2026-03-26T23:34:02.7293857+00:00,"89,381.84",Seller,82d3f3ffed28f460,LA Seller won 2026-03-26
2026-03-09T00:00:12.0749916+00:00,2026-04-09T20:51:34.3829042+00:00,"41,068.96",Seller,9869ce5fe8bea814,NVA Seller won 2026-04-09
2026-03-09T14:31:28.4388616+00:00,2026-03-19T16:32:49.4062858+00:00,"4,003",Seller,f974ff516e373292,ATL Seller won 2026-03-19
2026-03-10T13:55:06.9170181+00:00,2026-03-20T19:25:31.9853027+00:00,"71,458.27",Seller,390d2d549bade0f0,BAL Seller won 2026-03-20
2026-03-10T19:49:12.3599858+00:00,2026-03-25T14:51:19.6869673+00:00,865,Change order,7fbf4ea82311c84d,NMD Change order won 2026-03-25
2026-03-10T21:05:03.9279949+00:00,2026-04-01T23:19:44.1984721+00:00,"38,868.29",Seller,2111f6cf28ec99d3,RS Seller won 2026-04-01
2026-03-11T18:43:56.910243+00:00,2026-03-11T19:00:38.7470185+00:00,507.96,Change order,641c2ab9879ace94,ATL Change order won 2026-03-11
2026-03-11T19:23:39.0985368+00:00,2026-03-13T19:00:21.5836378+00:00,948,Seller,b7cce784eb855e25,ATL Seller won 2026-03-13
2026-03-12T13:35:42.8706134+00:00,2026-03-13T16:22:12.2095389+00:00,"8,766.58",Change order,ce814f39bc266f22,DC Change order won 2026-03-13
2026-03-12T16:24:47.1095354+00:00,2026-03-12T18:53:50.4408868+00:00,"2,012.21",Seller,,NVA Seller won 2026-03-12
2026-03-13T14:03:46.6239595+00:00,2026-03-13T16:21:56.7055619+00:00,"7,441.38",Change order,42f255430b0220e2,NVA Change order won 2026-03-13
2026-03-13T19:11:22.6220318+00:00,2026-03-19T18:57:51.2324855+00:00,"39,475.01",Seller,abf477fd0dbe6dea,NVA Seller won 2026-03-19
2026-03-16T14:44:23.0292299+00:00,2026-03-16T16:10:11.5803528+00:00,"2,050.84",Change order,,ATL Change order won 2026-03-16
2026-03-16T20:03:25.2356831+00:00,2026-03-23T14:56:51.37377+00:00,"1,012.6",Change order,11c2cd907055c107,BAL Change order won 2026-03-23
2026-03-17T22:04:58.7268621+00:00,2026-04-13T22:24:28.8819126+00:00,"29,923.94",Seller,b2daec00f4c3717a,LA Seller won 2026-04-13
2026-03-18T18:12:09.3935359+00:00,2026-03-20T15:16:51.6147688+00:00,"2,276.49",Change order,8a5f99c531eec478,NVA Change order won 2026-03-20
2026-03-19T16:35:40.3304441+00:00,2026-03-19T17:25:43.2642327+00:00,"'-1,391.8",Change order,f974ff516e373292,ATL Change order won 2026-03-19
2026-03-19T16:37:12.3660714+00:00,2026-03-20T15:02:15.2852896+00:00,579.35,Change order,f974ff516e373292,ATL Change order won 2026-03-20
2026-03-19T17:45:00.0056714+00:00,2026-03-19T18:44:20.0711471+00:00,"1,676.85",Change order,c09cd966cb15d08a,BAL Change order won 2026-03-19
2026-03-19T23:41:29.3717493+00:00,2026-03-26T19:15:01.689007+00:00,'-40,Change order,b7cce784eb855e25,ATL Change order won 2026-03-26
2026-03-20T15:05:04.3249867+00:00,2026-04-18T14:10:24.9516409+00:00,"10,203.43",Seller,28bc8cfc26c9163d,BAL Seller won 2026-04-18
2026-03-23T13:30:06.194584+00:00,2026-04-30T14:43:26.6930047+00:00,"39,057.02",Seller,9970aec10bd46e05,NVA Seller won 2026-04-30
2026-03-23T18:08:41.7208154+00:00,2026-03-23T22:44:16.2689938+00:00,811.76,Change order,42f255430b0220e2,NVA Change order won 2026-03-23
2026-03-23T18:27:30.8051215+00:00,2026-03-23T22:43:59.1527574+00:00,"3,468.76",Change order,,ATL Change order won 2026-03-23
2026-03-30T23:14:12.0654906+00:00,2026-03-31T22:18:25.3927085+00:00,650,Change order,f974ff516e373292,ATL Change order won 2026-03-31
2026-04-01T13:04:55.5750708+00:00,2026-04-20T17:21:38.239052+00:00,"5,038.28",Change order,390d2d549bade0f0,BAL Change order won 2026-04-20
2026-04-02T01:50:04.24652+00:00,2026-06-03T01:20:34.8408733+00:00,"26,757.58",Seller,61d72d359289f601,LA Seller won 2026-06-03
2026-04-03T16:18:57.9798625+00:00,2026-04-03T16:36:41.4882652+00:00,"16,972",Seller,,RS Seller won 2026-04-03
2026-04-03T16:57:35.0292607+00:00,2026-04-06T19:31:09.1107913+00:00,629.9,Change order,2111f6cf28ec99d3,RS Change order won 2026-04-06
2026-04-03T17:12:13.4868463+00:00,2026-04-06T21:04:30.3767129+00:00,"1,019.37",Change order,,ATL Change order won 2026-04-06
2026-04-08T14:10:35.4822074+00:00,2026-04-22T22:08:49.0861714+00:00,"15,806.61",Seller,0909b714e92ff059,LA Seller won 2026-04-22
2026-04-10T20:15:06.1915803+00:00,2026-06-26T22:03:46.5418433+00:00,"28,620.51",Seller,5a83673c59c91e7a,BAL Seller won 2026-06-26
2026-04-14T21:12:17.6544244+00:00,2026-04-15T21:05:10.2561478+00:00,"1,455.27",Change order,0ece3058619dd217,LA Change order won 2026-04-15
2026-04-16T03:00:09.7853823+00:00,2026-04-20T14:52:54.1607824+00:00,"2,804.4",Seller,b417a18e32279921,ATL Seller won 2026-04-20
2026-04-22T13:20:07.9101304+00:00,2026-05-11T15:21:41.19857+00:00,"37,348.08",Seller,06ba1c07ff19b394,NVA Seller won 2026-05-11
2026-04-23T12:20:07.8493066+00:00,2026-05-19T17:57:00.459962+00:00,"1,350",Seller,850bc4cfe64ae710,ATL Seller won 2026-05-19
2026-04-23T16:46:50.7265071+00:00,2026-04-23T22:23:40.3005311+00:00,"10,989.04",Change order,2111f6cf28ec99d3,RS Change order won 2026-04-23
2026-04-24T18:08:23.9317775+00:00,2026-04-28T14:13:48.9343597+00:00,"7,535.38",Change order,b417a18e32279921,ATL Change order won 2026-04-28
2026-04-29T22:05:07.6830235+00:00,2026-05-12T03:57:00.3587053+00:00,"27,262.87",Seller,20cc44caafadd7f0,NVA Seller won 2026-05-12
2026-05-01T05:00:09.2209953+00:00,2026-06-03T14:45:51.3430259+00:00,"16,315.1",Seller,acd75ad45d1de05d,ATL Seller won 2026-06-03
2026-05-01T14:10:36.3990991+00:00,2026-05-15T17:20:59.1845959+00:00,640,Change order,c2408dfeb7da14a4,BAL Change order won 2026-05-15
2026-05-01T15:53:39.3197738+00:00,2026-05-01T17:28:31.1736957+00:00,"7,662.9",Seller,b7fa2a94ee0d8028,NVA Seller won 2026-05-01
2026-05-01T17:30:06.1415447+00:00,2026-05-29T13:51:05.8674413+00:00,"12,610.7",Seller,da4336bec1e2eb6a,NVA Seller won 2026-05-29
2026-05-01T21:58:30.4668146+00:00,2026-06-25T14:54:06.6010683+00:00,"22,553.46",Seller,f7d8bc7a08e7a5be,DAL Seller won 2026-06-25
2026-05-07T15:40:06.9441146+00:00,2026-06-25T21:28:58.0388072+00:00,"23,360.96",Seller,0ece3058619dd217,LA Seller won 2026-06-25
2026-05-07T19:25:05.0768575+00:00,2026-05-31T15:52:33.6958194+00:00,"50,270.63",Seller,862a2204a45f2f42,NVA Seller won 2026-05-31
2026-05-08T00:04:21.8599363+00:00,2026-05-12T19:55:52.8758842+00:00,"1,496.15",Change order,0ece3058619dd217,LA Change order won 2026-05-12
2026-05-11T21:15:31.7729269+00:00,2026-05-18T16:42:35.3361712+00:00,"6,877",Change order,82d3f3ffed28f460,LA Change order won 2026-05-18
2026-05-12T22:54:24.279241+00:00,2026-05-13T11:36:29.5048368+00:00,"3,998.16",Change order,abf477fd0dbe6dea,NVA Change order won 2026-05-13
2026-05-13T21:10:25.1133526+00:00,2026-05-19T12:31:55.1818654+00:00,879.2,Change order,ce814f39bc266f22,DC Change order won 2026-05-19
2026-05-14T03:08:41.794654+00:00,2026-05-15T17:33:15.6867166+00:00,580,Change order,,ATL Change order won 2026-05-15
2026-05-14T14:15:05.1460819+00:00,2026-05-30T01:46:58.9401107+00:00,"11,807.49",Seller,4b8a6f510e2c5f58,ATL Seller won 2026-05-30
2026-05-15T17:15:49.7220797+00:00,2026-05-28T19:39:32.3988613+00:00,278.94,Change order,b417a18e32279921,ATL Change order won 2026-05-28
2026-05-18T19:11:45.9335216+00:00,2026-06-10T14:02:19.2724887+00:00,"120,000",Seller,37a52adb48cd4338,BAL Seller won 2026-06-10
2026-05-18T22:03:11.8146104+00:00,2026-06-05T17:52:09.619673+00:00,"45,000",Seller,f930f24a7ce4b3ca,NVA Seller won 2026-06-05
2026-05-20T20:04:26.739823+00:00,2026-05-20T23:00:36.8763446+00:00,"3,836.51",Change order,0ece3058619dd217,LA Change order won 2026-05-20
2026-05-22T18:13:27.7487172+00:00,2026-06-04T00:44:22.9205934+00:00,"2,641.82",Seller,0830baa993f21943,NVA Seller won 2026-06-04
2026-05-22T20:36:12.4553767+00:00,2026-05-27T00:14:21.9648748+00:00,"3,163",Change order,82d3f3ffed28f460,LA Change order won 2026-05-27
2026-05-26T20:14:01.1088768+00:00,2026-05-26T21:47:14.8821868+00:00,"1,193.92",Change order,0ece3058619dd217,LA Change order won 2026-05-26
2026-05-26T21:08:06.6901654+00:00,2026-05-30T19:32:38.1386581+00:00,"1,516.6",Change order,b2daec00f4c3717a,LA Change order won 2026-05-30
2026-05-28T14:20:50.0940529+00:00,2026-05-28T15:59:29.8059408+00:00,"6,947.71",Change order,850bc4cfe64ae710,ATL Change order won 2026-05-28
2026-05-28T14:39:00.467818+00:00,2026-05-28T14:51:31.3776105+00:00,'-600,Change order,390d2d549bade0f0,BAL Change order won 2026-05-28
2026-05-28T15:26:39.088526+00:00,2026-05-29T16:03:51.651571+00:00,'-600,Change order,390d2d549bade0f0,BAL Change order won 2026-05-29
2026-06-03T17:10:02.1962971+00:00,2026-07-22T14:11:00.6078257+00:00,"15,792.6",Seller,d3d1c7f91d40b9f3,ATL Seller won 2026-07-22
2026-06-03T17:20:04.0189261+00:00,2026-06-10T21:46:30.0363844+00:00,"19,731",Seller,73bb2b9fcbe3fe2d,ATL Seller won 2026-06-10
2026-06-05T17:20:06.337874+00:00,2026-07-29T01:58:22.9542321+00:00,"59,999.86",Seller,8973e1ba313b27c1,SMD Seller won 2026-07-29
2026-06-11T13:14:35.8199606+00:00,2026-06-11T13:34:42.5548508+00:00,"1,900.05",Change order,0830baa993f21943,NVA Change order won 2026-06-11
2026-06-15T16:10:11.755894+00:00,2026-06-17T11:56:20.3133839+00:00,"1,230",Change order,06ba1c07ff19b394,NVA Change order won 2026-06-17
2026-06-15T16:21:23.6085277+00:00,2026-06-17T13:57:32.1412898+00:00,"2,733.83",Change order,9970aec10bd46e05,NVA Change order won 2026-06-17
2026-06-16T14:40:06.5777797+00:00,2026-06-25T18:46:38.9329354+00:00,"33,327.97",Seller,98c7fdea6a7a4a5b,BAL Seller won 2026-06-25
2026-06-18T20:27:45.7266187+00:00,2026-06-19T14:57:29.0408006+00:00,"'-1,881",Change order,06ba1c07ff19b394,NVA Change order won 2026-06-19
2026-06-19T13:35:42.6642932+00:00,2026-06-19T14:57:42.4615526+00:00,"4,115",Change order,06ba1c07ff19b394,NVA Change order won 2026-06-19
2026-06-22T15:48:06.1856291+00:00,2026-07-13T18:08:49.1728037+00:00,"1,052.22",Change order,f930f24a7ce4b3ca,NVA Change order won 2026-07-13
2026-06-22T16:05:02.0873039+00:00,2026-06-29T16:25:31.7947691+00:00,"18,868.86",Seller,5d06b44ea03c8d2b,ATL Seller won 2026-06-29
2026-06-23T20:25:53.1340853+00:00,2026-06-25T13:28:05.064949+00:00,351.85,Change order,0830baa993f21943,NVA Change order won 2026-06-25
2026-06-24T13:41:59.9921834+00:00,2026-06-30T21:41:26.8531825+00:00,300,Change order,06ba1c07ff19b394,NVA Change order won 2026-06-30
2026-06-25T19:13:16.9729789+00:00,2026-06-29T15:09:03.6327455+00:00,"2,748.58",Change order,9970aec10bd46e05,NVA Change order won 2026-06-29
2026-06-26T18:44:49.1268736+00:00,2026-06-29T17:01:19.0226084+00:00,"'-5,261.5",Change order,b2daec00f4c3717a,LA Change order won 2026-06-29
2026-06-26T19:44:08.9236739+00:00,2026-06-29T17:01:26.8904804+00:00,"5,093.2",Change order,b2daec00f4c3717a,LA Change order won 2026-06-29
2026-06-29T16:05:55.5106696+00:00,2026-07-21T15:36:31.6420154+00:00,"33,701.12",Seller,8973e1ba313b27c1,BAL Seller won 2026-07-21
2026-06-30T21:30:42.1344817+00:00,2026-06-30T21:41:40.4535008+00:00,857.04,Change order,06ba1c07ff19b394,NVA Change order won 2026-06-30
2026-07-02T12:30:02.8730282+00:00,2026-07-06T15:19:26.1991483+00:00,"10,292",Seller,333f73b4eff7cf42,ATL Seller won 2026-07-06
2026-07-02T16:38:55.6037479+00:00,2026-07-02T17:21:17.7464461+00:00,"3,651.66",Change order,20cc44caafadd7f0,NVA Change order won 2026-07-02
2026-07-06T17:45:02.418157+00:00,2026-07-28T23:11:42.1690525+00:00,"42,998.79",Seller,f272f59ea884a243,ATL Seller won 2026-07-28
2026-07-07T03:31:59.3326002+00:00,2026-08-15T17:36:33.3455158+00:00,"24,895.63",Seller,d0b0984edf6af164,DAL Seller won 2026-08-15
2026-07-07T14:40:06.8020621+00:00,2026-07-27T19:45:46.855822+00:00,"32,339.13",Seller,0c409723fbf3f312,LA Seller won 2026-07-27
2026-07-09T02:58:54.8411316+00:00,2026-07-09T15:05:39.1176862+00:00,409.53,Change order,acd75ad45d1de05d,ATL Change order won 2026-07-09
2026-07-13T17:53:47.6618936+00:00,2026-07-13T20:11:36.7941105+00:00,"1,300",Change order,333f73b4eff7cf42,ATL Change order won 2026-07-13
2026-07-14T15:44:03.7752855+00:00,2026-07-14T20:07:31.7216506+00:00,"'-1,620",Change order,da4336bec1e2eb6a,NVA Change order won 2026-07-14
2026-07-14T16:49:23.6647844+00:00,2026-07-24T18:36:27.1310103+00:00,"40,527.02",Change order,0ece3058619dd217,LA Change order won 2026-07-24
2026-07-14T18:35:29.3832451+00:00,2026-07-16T17:17:14.2503098+00:00,'-435.8,Change order,9869ce5fe8bea814,NVA Change order won 2026-07-16
2026-07-14T18:53:56.2249986+00:00,2026-07-16T17:17:22.6739768+00:00,"'-1,573.96",Change order,9869ce5fe8bea814,NVA Change order won 2026-07-16
2026-07-14T19:17:34.8547435+00:00,2026-07-16T17:17:31.8448819+00:00,"3,098.89",Change order,9869ce5fe8bea814,NVA Change order won 2026-07-16
2026-07-15T20:00:05.9705914+00:00,2026-09-01T20:19:19.3906394+00:00,"19,891.31",Seller,6d701d5a3f59bed5,DAL Seller won 2026-09-01
2026-07-20T21:59:54.4877454+00:00,2026-07-21T22:47:12.5741705+00:00,'-100,Change order,acd75ad45d1de05d,ATL Change order won 2026-07-21
2026-07-24T13:58:22.3600495+00:00,2026-08-17T19:54:43.8814522+00:00,"16,000",Seller,f1bea6be594b7a1d,NVA Seller won 2026-08-17
2026-07-24T17:33:54.0558893+00:00,2026-07-24T21:33:55.1246812+00:00,"1,823.38",Change order,862a2204a45f2f42,NVA Change order won 2026-07-24
2026-07-28T21:04:18.0140725+00:00,2026-08-05T13:40:26.7973613+00:00,"15,523.71",Change order,0ece3058619dd217,LA Change order won 2026-08-05
2026-07-28T21:10:06.0951663+00:00,2026-08-11T21:13:54.003001+00:00,"35,536.44",Seller,6df5a5abc65ad1f9,ATL Seller won 2026-08-11
2026-07-29T18:17:03.4741436+00:00,2026-08-01T05:07:40.0052217+00:00,"24,831.46",Seller,a072d821487dfdf5,LA Seller won 2026-08-01
2026-07-30T15:35:02.9269297+00:00,2026-09-11T01:22:06.0009087+00:00,"67,661.53",Seller,1ef5640416886c5f,ATL Seller won 2026-09-11
2026-08-04T13:44:59.799732+00:00,2026-09-01T21:13:35.8352419+00:00,"43,083.89",Seller,3eb5cc01251b409a,LA Seller won 2026-09-01
2026-08-10T18:05:44.1752926+00:00,2026-08-11T20:26:29.4127948+00:00,"15,266.33",Seller,,SEA Seller won 2026-08-11
2026-08-11T14:50:29.3451088+00:00,2026-08-11T15:48:02.2935702+00:00,"'-4,650.67",Change order,98c7fdea6a7a4a5b,BAL Change order won 2026-08-11
2026-08-13T19:31:15.4402258+00:00,2026-09-04T21:42:16.1817258+00:00,"2,792.36",Change order,a072d821487dfdf5,LA Change order won 2026-09-04
2026-08-13T20:23:41.342354+00:00,2026-08-13T21:58:11.9709274+00:00,'-500,Change order,82d3f3ffed28f460,LA Change order won 2026-08-13
2026-08-20T16:05:20.4506874+00:00,2026-09-22T19:39:27.2981753+00:00,"14,960.2",Seller,0cea49c30d4586e2,DAL Seller won 2026-09-22
2026-08-20T22:30:03.3550828+00:00,2026-09-10T04:02:55.1828114+00:00,"33,033.02",Seller,e552bd4856bbc0d8,SEA Seller won 2026-09-10
2026-08-22T17:33:16.3358346+00:00,2026-09-03T23:49:48.9727858+00:00,"5,506.38",Seller,5acf83fb42c31d2a,NVA Seller won 2026-09-03
2026-08-26T00:51:34.742617+00:00,2026-09-09T19:31:43.3786893+00:00,"17,136.83",Seller,ae8528fbb8f57e26,SEA Seller won 2026-09-09
2026-09-03T18:59:25.0029966+00:00,2026-09-16T18:43:40.629405+00:00,714.74,Seller,,SEA Seller won 2026-09-16
2026-09-09T22:01:38.0116898+00:00,2026-09-30T19:37:48.3266328+00:00,"3,853.95",Change order,3eb5cc01251b409a,LA Change order won 2026-09-30
2026-09-11T13:11:32.3133965+00:00,2026-09-23T16:02:05.7109972+00:00,"25,541.72",Seller,bb8fc4a4fdeba566,NVA Seller won 2026-09-23
2026-09-28T22:56:00.9179849+00:00,2026-09-30T16:56:07.5219178+00:00,"3,222.1",Change order,0c409723fbf3f312,LA Change order won 2026-09-30
