Campaign,Date Sent,Email abuse report rate,Email abuse reports,Email bounce rate,Email bounces,Email click rate,Email clicked,Email clicks per unique opens (MPP excluded),Email deliveries,Email delivery rate,Email open rate (MPP excluded),Email opened (MPP excluded),Email total clicks,Email total opens (MPP excluded),Email unsubscribe rate,Email unsubscribes,Emails sent
"DFW Test 1","2026-01-30 15:25:50","0%","0","33.3%","1","0%","0","0%","2","66.7%","50%","1","0","5","0%","0","3"
"DFW Test 1 (copy 01)","2026-01-30 15:49:54","0%","0","0%","0","0%","0","0%","1","100%","100%","1","0","12","0%","0","1"
"TEXT TEST 1","2026-02-01 08:40:02","0%","0","0%","0","0%","0","0%","8","100%","0%","0","0","0","0%","0","8"
"MARYLAND WU 2026-2-2 CAMERON GILBERT","2026-02-02 07:00:00","0%","0","0%","0","0%","0","0%","6","100%","16.7%","1","0","1","0%","0","6"
"MARYLAND WU 2026-2-2 EMILY HERDER","2026-02-02 07:45:00","0%","0","0%","0","0%","0","0%","2","100%","50%","1","0","2","0%","0","2"
"DFW WU 2026-02-02","2026-02-02 08:45:00","0%","0","10%","1","0%","0","0%","9","90%","0%","0","0","0","0%","0","10"
"Test 1","2026-02-03 06:18:54","0%","0","0%","0","0%","0","0%","1","100%","100%","1","0","1","0%","0","1"
"Test 2","2026-02-03 06:24:10","0%","0","0%","0","0%","0","0%","1","100%","100%","1","0","16","0%","0","1"
"Test 3","2026-02-03 06:46:13","0%","0","0%","0","0%","0","0%","1","100%","100%","1","0","7","0%","0","1"
"MARYLAND WU 2026-2-3 EMILY HERDER","2026-02-03 07:15:00","0%","0","16.7%","1","0%","0","0%","5","83.3%","0%","0","0","0","0%","0","6"
"MARYLAND WU 2026-2-3 CAMERON GILBERT","2026-02-03 07:30:00","0%","0","0%","0","0%","0","0%","6","100%","66.7%","4","0","6","16.7%","1","6"
"DFW WU 2026-02-03","2026-02-03 08:45:00","0%","0","0%","0","0%","0","0%","14","100%","0%","0","0","0","7.1%","1","14"
"ATLANTA WU 2026-2-4","2026-02-04 07:15:00","0%","0","0%","0","0%","0","0%","7","100%","14.3%","1","0","1","0%","0","7"
"MARYLAND WU 2026-2-4 EMILY HERDER","2026-02-04 07:30:00","0%","0","0%","0","0%","0","0%","7","100%","71.4%","5","0","9","0%","0","7"
"MARYLAND WU 2026-2-4 CAMERON GILBERT","2026-02-04 08:00:00","0%","0","11.1%","1","0%","0","0%","8","88.9%","37.5%","3","0","5","0%","0","9"
"DFW WU 2026-02-04","2026-02-04 08:45:00","0%","0","5.6%","1","0%","0","0%","17","94.4%","0%","0","0","0","0%","0","18"
"MARYLAND WU 2026-2-5 EMILY HERDER","2026-02-05 07:00:00","0%","0","0%","0","0%","0","0%","11","100%","18.2%","2","0","2","9.1%","1","11"
"ATLANTA WU 2026-2-5","2026-02-05 07:15:00","0%","0","0%","0","0%","0","0%","11","100%","0%","0","0","0","0%","0","11"
"MARYLAND WU 2026-2-5 CAMERON GILBERT","2026-02-05 07:15:00","0%","0","11.1%","1","0%","0","0%","8","88.9%","25%","2","0","2","0%","0","9"
"DFW WU 2026-02-05","2026-02-05 08:45:00","0%","0","9.1%","2","0%","0","0%","20","90.9%","0%","0","0","0","0%","0","22"
"MARYLAND WU 2026-2-6 EMILY HERDER","2026-02-06 07:30:00","0%","0","0%","0","0%","0","0%","10","100%","20%","2","0","2","0%","0","10"
"DFW WU 2026-02-06","2026-02-06 08:00:00","0%","0","7.7%","2","0%","0","0%","24","92.3%","0%","0","0","0","0%","0","26"
"ATLANTA WU 2026-2-6","2026-02-06 08:15:00","0%","0","0%","0","0%","0","0%","14","100%","28.6%","4","0","4","0%","0","14"
"MARYLAND WU 2026-2-6 CAMERON GILBERT","2026-02-06 19:15:00","0%","0","7.1%","1","0%","0","0%","13","92.9%","23.1%","3","0","3","0%","0","14"
"MARYLAND WU 2026-2-7 CAMERON GILBERT","2026-02-07 07:30:00","0%","0","0%","0","0%","0","0%","13","100%","38.5%","5","0","7","0%","0","13"
"ATLANTA WU 2026-2-7","2026-02-07 07:45:00","0%","0","11.8%","2","0%","0","0%","15","88.2%","0%","0","0","0","0%","0","17"
"MARYLAND WU 2026-2-7 EMILY HERDER","2026-02-07 07:45:00","0%","0","0%","0","0%","0","0%","15","100%","33.3%","5","0","6","0%","0","15"
"Test","2026-02-07 08:30:13","0%","0","0%","0","0%","0","0%","1","100%","100%","1","0","1","0%","0","1"
"DMV WU 2026-2-7","2026-02-07 08:41:27","0%","0","0%","0","0%","0","0%","9","100%","0%","0","0","0","0%","0","9"
"DFW WU 2026-02-07","2026-02-07 09:00:00","0%","0","6.5%","2","0%","0","0%","29","93.5%","0%","0","0","0","0%","0","31"
"DC Test 1","2026-02-08 13:58:07","0%","0","0%","0","0%","0","0%","1","100%","100%","1","0","1","0%","0","1"
"Subject Line A/B","2026-02-09 07:00:00","0%","0","0%","0","0%","0","0%","20","100%","15%","3","0","3","10%","2","20"
"Subject Line A/B | Combo 1","2026-02-09 07:00:00","0%","0","0%","0","0%","0","0%","10","100%","10%","1","0","1","10%","1","10"
"Subject Line A/B | Combo 2","2026-02-09 07:00:00","0%","0","0%","0","0%","0","0%","10","100%","20%","2","0","2","10%","1","10"
"WU DC 2026-2-9","2026-02-09 07:45:00","0%","0","0%","0","0%","0","0%","10","100%","40%","4","0","6","0%","0","10"
"DMV WU 2026-2-9","2026-02-09 08:00:00","0%","0","0%","0","0%","0","0%","16","100%","43.8%","7","0","26","0%","0","16"
"DFW WU 2026-2-9","2026-02-09 12:30:00","0%","0","3.0%","1","0%","0","0%","32","97.0%","0%","0","0","0","0%","0","33"
"MARYLAND WU 2026-2-9 CAMERON GILBERT","2026-02-09 12:45:00","0%","0","5.9%","1","0%","0","0%","16","94.1%","37.5%","6","0","6","0%","0","17"
"MARYLAND WU 2026-2-9 EMILY HERDER","2026-02-09 13:28:14","0%","0","6.7%","1","0%","0","0%","14","93.3%","57.1%","8","0","8","0%","0","15"
"ATLANTA WU 2026-2-9","2026-02-09 16:30:00","0%","0","0%","0","0%","0","0%","18","100%","11.1%","2","0","2","5.6%","1","18"
"Test","2026-02-09 17:49:44","0%","0","0%","0","0%","0","0%","1","100%","100%","1","0","1","0%","0","1"
"LA WU 2026-2-9","2026-02-09 18:00:00","0%","0","12.5%","1","0%","0","0%","7","87.5%","28.6%","2","0","3","0%","0","8"
"Test 2/10/26 1","2026-02-10 07:11:11","0%","0","0%","0","0%","0","0%","1","100%","0%","0","0","0","0%","0","1"
"ATLANTA WU 2026-2-10","2026-02-10 07:30:00","0%","0","0%","0","0%","0","0%","23","100%","26.1%","6","0","12","4.3%","1","23"
"WU DC 2026-2-10","2026-02-10 07:30:00","0%","0","0%","0","0%","0","0%","10","100%","30%","3","0","3","0%","0","10"
"DMV WU 2026-2-10","2026-02-10 07:45:00","0%","0","0%","0","0%","0","0%","16","100%","50%","8","0","11","0%","0","16"
"MARYLAND WU 2026-2-10 CAMERON GILBERT","2026-02-10 07:45:00","0%","0","9.5%","2","0%","0","0%","19","90.5%","63.2%","12","0","23","0%","0","21"
"MARYLAND WU 2026-2-10 EMILY HERDER","2026-02-10 08:00:00","0%","0","6.7%","1","0%","0","0%","14","93.3%","42.9%","6","0","8","0%","0","15"
"DFW WU 2026-2-10","2026-02-10 08:15:00","0%","0","5.4%","2","0%","0","0%","35","94.6%","0%","0","0","0","0%","0","37"
"LA WU 2026-2-10","2026-02-10 10:15:00","0%","0","0%","0","0%","0","0%","10","100%","50%","5","0","7","0%","0","10"
"ATLANTA WU 2026-2-11","2026-02-11 07:00:00","0%","0","0%","0","0%","0","0%","26","100%","19.2%","5","0","6","0%","0","26"
"WU DC 2026-2-11","2026-02-11 07:15:00","0%","0","10%","1","0%","0","0%","9","90%","66.7%","6","0","10","0%","0","10"
"DMV WU 2026-2-11","2026-02-11 07:30:00","0%","0","5.3%","1","0%","0","0%","18","94.7%","33.3%","6","0","11","5.6%","1","19"
"MARYLAND WU 2026-2-11 CAMERON GILBERT","2026-02-11 08:00:00","0%","0","10.5%","2","0%","0","0%","17","89.5%","35.3%","6","0","10","0%","0","19"
"MARYLAND WU 2026-2-11 EMILY HERDER","2026-02-11 08:00:00","0%","0","0%","0","0%","0","0%","21","100%","38.1%","8","0","28","4.8%","1","21"
"DFW WU 2026-2-11","2026-02-11 08:15:00","2.7%","1","9.8%","4","0%","0","0%","37","90.2%","0%","0","0","0","2.7%","1","41"
"LA WU 2026-2-11","2026-02-11 10:30:00","0%","0","8.3%","1","0%","0","0%","11","91.7%","36.4%","4","0","6","0%","0","12"
"ATLANTA WU 2026-2-12","2026-02-12 07:15:00","0%","0","0%","0","0%","0","0%","29","100%","31.0%","9","0","11","6.9%","2","29"
"DMV WU 2026-2-12","2026-02-12 07:30:00","0%","0","13.6%","3","0%","0","0%","19","86.4%","31.6%","6","0","13","0%","0","22"
"MARYLAND WU 2026-2-12 EMILY HERDER","2026-02-12 07:30:00","0%","0","8.8%","3","0%","0","0%","31","91.2%","25.8%","8","0","10","0%","0","34"
"WU DC 2026-2-12","2026-02-12 07:45:00","0%","0","0%","0","0%","0","0%","11","100%","45.5%","5","0","6","0%","0","11"
"MARYLAND WU 2026-2-12 CAMERON GILBERT","2026-02-12 08:00:00","0%","0","0%","0","0%","0","0%","26","100%","38.5%","10","0","16","0%","0","26"
"DFW WU 2026-2-12","2026-02-12 08:30:00","0%","0","8.9%","4","0%","0","0%","41","91.1%","0%","0","0","0","2.4%","1","45"
"LA WU 2026-2-12","2026-02-12 10:30:00","0%","0","7.1%","1","0%","0","0%","13","92.9%","61.5%","8","0","9","0%","0","14"
"DMV WU 2026-2-13","2026-02-13 07:15:00","0%","0","8.3%","2","0%","0","0%","22","91.7%","31.8%","7","0","8","0%","0","24"
"ATLANTA WU 2026-2-13","2026-02-13 07:30:00","0%","0","0%","0","0%","0","0%","32","100%","18.8%","6","0","6","12.5%","4","32"
"WU DC 2026-2-13","2026-02-13 07:30:00","0%","0","0%","0","0%","0","0%","13","100%","46.2%","6","0","6","7.7%","1","13"
"DFW WU 2026-2-13","2026-02-13 08:00:00","0%","0","2%","1","0%","0","0%","49","98%","0%","0","0","0","2.0%","1","50"
"MARYLAND WU 2026-2-13 CAMERON GILBERT","2026-02-13 08:00:00","0%","0","5.4%","2","0%","0","0%","35","94.6%","40%","14","0","16","2.9%","1","37"
"MARYLAND WU 2026-2-13 EMILY HERDER","2026-02-13 08:00:00","0%","0","2.9%","1","0%","0","0%","34","97.1%","41.2%","14","0","19","2.9%","1","35"
"LA WU 2026-2-13","2026-02-13 10:30:00","0%","0","6.3%","1","0%","0","0%","15","93.8%","33.3%","5","0","7","0%","0","16"
"ATLANTA WU 2026-2-14","2026-02-14 07:30:00","0%","0","8.6%","3","0%","0","0%","32","91.4%","37.5%","12","0","17","3.1%","1","35"
"DMV WU 2026-2-14","2026-02-14 07:30:00","0%","0","3.7%","1","0%","0","0%","26","96.3%","15.4%","4","0","8","0%","0","27"
"MARYLAND WU 2026-2-14 EMILY HERDER","2026-02-14 07:45:00","0%","0","7.3%","3","0%","0","0%","38","92.7%","44.7%","17","0","27","0%","0","41"
"WU DC 2026-2-14","2026-02-14 08:00:00","0%","0","6.7%","1","0%","0","0%","14","93.3%","42.9%","6","0","6","7.1%","1","15"
"MARYLAND WU 2026-2-14 CAMERON GILBERT","2026-02-14 08:15:00","0%","0","6.7%","3","0%","0","0%","42","93.3%","42.9%","18","0","21","2.4%","1","45"
"DFW WU 2026-2-14","2026-02-14 08:45:00","0%","0","5.7%","3","0%","0","0%","50","94.3%","0%","0","0","0","2%","1","53"
"LA WU 2026-2-14","2026-02-14 11:00:00","0%","0","11.1%","2","0%","0","0%","16","88.9%","25%","4","0","4","12.5%","2","18"
"MARYLAND WU 2026-2-16 CAMERON GILBERT","2026-02-16 07:30:00","0%","0","4.9%","4","0%","0","0%","77","95.1%","27.3%","21","0","24","3.9%","3","81"
"ATLANTA WU 2026-2-16","2026-02-16 07:45:00","0%","0","2.6%","1","0%","0","0%","37","97.4%","24.3%","9","0","14","0%","0","38"
"MARYLAND WU 2026-2-16 EMILY HERDER","2026-02-16 07:45:00","0%","0","0%","0","0%","0","0%","23","100%","26.1%","6","0","6","0%","0","23"
"NOVA 2026-2-16","2026-02-16 07:45:00","0%","0","3.3%","1","0%","0","0%","29","96.7%","13.8%","4","0","6","0%","0","30"
"WU DC 2026-2-16","2026-02-16 08:00:00","0%","0","5.9%","1","0%","0","0%","16","94.1%","37.5%","6","0","6","0%","0","17"
"DFW WU 2026-2-16","2026-02-16 08:45:00","0%","0","4.7%","3","0%","0","0%","61","95.3%","0%","0","0","0","1.6%","1","64"
"LA WU 2026-2-16","2026-02-16 10:45:00","0%","0","13.6%","3","0%","0","0%","19","86.4%","47.4%","9","0","10","5.3%","1","22"
"ATLANTA WU 2026-2-17","2026-02-17 07:00:00","0%","0","0%","0","0%","0","0%","41","100%","9.8%","4","0","9","4.9%","2","41"
"MARYLAND WU 2026-2-17 EMILY HERDER","2026-02-17 07:15:00","0%","0","2.4%","3","0%","0","0%","121","97.6%","30.6%","37","0","55","0.83%","1","124"
"NOVA 2026-2-17","2026-02-17 07:15:00","3.2%","1","8.8%","3","0%","0","0%","31","91.2%","38.7%","12","0","16","3.2%","1","34"
"WU DC 2026-2-17","2026-02-17 07:15:00","0%","0","0%","0","0%","0","0%","19","100%","36.8%","7","0","8","0%","0","19"
"DFW WU 2026-2-17","2026-02-17 08:15:00","0%","0","4.9%","3","0%","0","0%","58","95.1%","0%","0","0","0","0%","0","61"
"LA WU 2026-2-17","2026-02-17 10:15:00","0%","0","0%","0","0%","0","0%","26","100%","23.1%","6","0","6","0%","0","26"
"MARYLAND WU 2026-2-18","2026-02-18 07:00:00","0.69%","1","3.4%","5","0%","0","0%","144","96.6%","34.0%","49","0","57","2.8%","4","149"
"NOVA 2026-2-18","2026-02-18 07:15:00","0%","0","2.6%","1","0%","0","0%","37","97.4%","32.4%","12","0","12","8.1%","3","38"
"WU DC 2026-2-18","2026-02-18 07:15:00","0%","0","0%","0","0%","0","0%","19","100%","47.4%","9","0","13","0%","0","19"
"ATLANTA WU 2026-2-18","2026-02-18 08:00:00","0%","0","2.3%","1","0%","0","0%","43","97.7%","11.6%","5","0","5","2.3%","1","44"
"DFW WU 2026-2-18","2026-02-18 08:00:00","0%","0","6.2%","4","0%","0","0%","61","93.8%","0%","0","0","0","0%","0","65"
"LA WU 2026-2-18","2026-02-18 10:15:00","0%","0","3.1%","1","0%","0","0%","31","96.9%","22.6%","7","0","9","0%","0","32"
"MARYLAND WU 2026-2-19","2026-02-19 07:00:00","0%","0","3.4%","6","0%","0","0%","173","96.6%","36.4%","63","0","75","3.5%","6","179"
"NOVA 2026-2-19","2026-02-19 07:15:00","0%","0","2%","1","0%","0","0%","49","98%","26.5%","13","0","17","2.0%","1","50"
"WU DC 2026-2-19","2026-02-19 07:15:00","0%","0","3.8%","1","0%","0","0%","25","96.2%","72%","18","0","20","0%","0","26"
"ATLANTA WU 2026-2-19","2026-02-19 08:00:00","0%","0","0%","0","0%","0","0%","47","100%","14.9%","7","0","7","2.1%","1","47"
"DFW WU 2026-2-19","2026-02-19 08:00:00","0%","0","4.3%","3","0%","0","0%","66","95.7%","0%","0","0","0","0%","0","69"
"LA WU 2026-2-19","2026-02-19 10:00:00","0%","0","5%","2","0%","0","0%","38","95%","21.1%","8","0","11","2.6%","1","40"
"ATLANTA WU 2026-2-20","2026-02-20 04:30:00","0%","0","0%","0","0%","0","0%","50","100%","18%","9","0","11","4%","2","50"
"MARYLAND WU 2026-2-20","2026-02-20 07:00:00","0%","0","0.93%","2","0%","0","0%","213","99.1%","26.8%","57","0","72","1.4%","3","215"
"NOVA 2026-2-20","2026-02-20 07:15:00","0%","0","7.7%","5","0%","0","0%","60","92.3%","10%","6","0","8","1.7%","1","65"
"WU DC 2026-2-20","2026-02-20 07:15:00","0%","0","8.8%","3","0%","0","0%","31","91.2%","9.7%","3","0","4","6.5%","2","34"
"DFW WU 2026-2-20","2026-02-20 08:00:00","0%","0","6.8%","5","0%","0","0%","68","93.2%","0%","0","0","0","2.9%","2","73"
"LA WU 2026-2-20","2026-02-20 10:00:00","0%","0","0%","0","0%","0","0%","41","100%","24.4%","10","0","12","2.4%","1","41"
"MARYLAND WU 2026-2-21","2026-02-21 07:00:00","0%","0","4.7%","12","0%","0","0%","246","95.3%","33.7%","83","0","109","0.81%","2","258"
"NOVA 2026-2-21","2026-02-21 07:15:00","0%","0","0%","0","0%","0","0%","2","100%","50%","1","0","1","50%","1","2"
"WU DC 2026-2-21","2026-02-21 07:15:00","0%","0","0%","0","0%","0","0%","2","100%","0%","0","0","0","0%","0","2"
"ATLANTA WU 2026-2-21","2026-02-21 08:00:00","0%","0","0%","0","0%","0","0%","57","100%","26.3%","15","0","19","3.5%","2","57"
"DFW WU 2026-2-21","2026-02-21 08:00:00","0%","0","5.1%","4","0%","0","0%","74","94.9%","0%","0","0","0","1.4%","1","78"
"LA WU 2026-2-21","2026-02-21 10:15:00","0%","0","33.3%","1","0%","0","0%","2","66.7%","100%","2","0","2","0%","0","3"
"NOVA 2026-2-22 (Sunday test)","2026-02-22 07:15:00","0%","0","2.4%","2","0%","0","0%","80","97.6%","15%","12","0","14","1.3%","1","82"
"WU DC 2026-2-22 (Sunday test)","2026-02-22 08:45:00","0%","0","11.1%","5","0%","0","0%","40","88.9%","45%","18","0","26","0%","0","45"
"LA WU 2026-2-22 (Sunday test)","2026-02-22 10:15:00","0%","0","9.7%","6","0%","0","0%","56","90.3%","32.1%","18","0","31","1.8%","1","62"
"MARYLAND WU 2026-2-23","2026-02-23 07:00:00","0%","0","4.2%","13","0%","0","0%","297","95.8%","34.0%","101","0","121","3.0%","9","310"
"WU DC 2026-2-23","2026-02-23 07:00:00","0%","0","1.6%","1","0%","0","0%","62","98.4%","50%","31","0","44","1.6%","1","63"
"NOVA 2026-2-23","2026-02-23 07:15:00","0.92%","1","0%","0","0%","0","0%","109","100%","14.7%","16","0","27","0.92%","1","109"
"DFW WU 2026-2-23","2026-02-23 08:15:00","0%","0","6.0%","5","0%","0","0%","78","94.0%","0%","0","0","0","1.3%","1","83"
"LA WU 2026-2-23","2026-02-23 10:00:00","0%","0","5.6%","5","0%","0","0%","85","94.4%","27.1%","23","0","33","2.4%","2","90"
"ATLANTA WU 2026-2-23","2026-02-23 16:00:00","0%","0","4.7%","3","0%","0","0%","61","95.3%","18.0%","11","0","12","0%","0","64"
"ATLANTA WU 2026-2-24","2026-02-24 07:00:00","1.4%","1","1.4%","1","0%","0","0%","70","98.6%","22.9%","16","0","21","2.9%","2","71"
"MARYLAND WU 2026-2-24","2026-02-24 07:00:00","0%","0","3.2%","12","0%","0","0%","359","96.8%","25.9%","93","0","115","1.9%","7","371"
"WU DC 2026-2-24","2026-02-24 07:00:00","0%","0","7.1%","6","0%","0","0%","79","92.9%","40.5%","32","0","45","5.1%","4","85"
"NOVA 2026-2-24","2026-02-24 07:15:00","0%","0","1.4%","2","0%","0","0%","140","98.6%","2.1%","3","0","5","2.1%","3","142"
"DFW WU 2026-2-24","2026-02-24 08:15:00","0%","0","3.4%","3","0%","0","0%","86","96.6%","0%","0","0","0","4.7%","4","89"
"LA WU 2026-2-24","2026-02-24 10:00:00","0%","0","5.3%","6","0%","0","0%","108","94.7%","26.9%","29","0","35","0%","0","114"
"ATLANTA WU 2026-2-25","2026-02-25 07:00:00","0%","0","1.3%","1","0%","0","0%","77","98.7%","20.8%","16","0","18","3.9%","3","78"
"MARYLAND WU 2026-2-25","2026-02-25 07:00:00","0.23%","1","4.3%","19","0%","0","0%","427","95.7%","25.5%","109","0","137","1.2%","5","446"
"WU DC 2026-2-25","2026-02-25 07:00:00","0%","0","8.8%","10","0%","0","0%","104","91.2%","26.9%","28","0","37","2.9%","3","114"
"NOVA 2026-2-25","2026-02-25 07:15:00","0%","0","2.7%","5","0%","0","0%","180","97.3%","4.4%","8","0","11","0.56%","1","185"
"DFW WU 2026-2-25","2026-02-25 08:15:00","0%","0","6.3%","6","0%","0","0%","89","93.7%","0%","0","0","0","1.1%","1","95"
"LA WU 2026-2-25","2026-02-25 10:00:00","0.76%","1","4.4%","6","0%","0","0%","131","95.6%","22.1%","29","0","33","3.8%","5","137"
"ATLANTA WU 2026-2-26","2026-02-26 07:00:00","1.2%","1","2.4%","2","0%","0","0%","82","97.6%","25.6%","21","0","29","3.7%","3","84"
"MARYLAND WU 2026-2-26","2026-02-26 07:00:00","0%","0","3.0%","16","0%","0","0%","519","97.0%","29.9%","155","0","212","1.3%","7","535"
"NOVA 2026-2-28","2026-02-26 07:00:00","0%","0","4.9%","20","0%","0","0%","385","95.1%","20.5%","79","0","115","0.78%","3","405"
"WU DC 2026-2-26","2026-02-26 07:00:00","0%","0","5.2%","8","0%","0","0%","147","94.8%","52.4%","77","0","110","1.4%","2","155"
"NOVA 2026-2-26","2026-02-26 07:15:00","0%","0","5.4%","13","0%","0","0%","227","94.6%","19.8%","45","0","67","1.3%","3","240"
"NOVA 2026-2-27","2026-02-26 07:15:00","0%","0","7.4%","23","0%","0","0%","289","92.6%","18.7%","54","0","86","1.4%","4","312"
"DFW WU 2026-2-26","2026-02-26 08:15:00","0%","0","6%","6","0%","0","0%","94","94%","0%","0","0","0","2.1%","2","100"
"LA WU 2026-2-26","2026-02-26 10:00:00","0%","0","4.9%","8","0%","0","0%","154","95.1%","37.7%","58","0","68","1.3%","2","162"
"ATLANTA WU 2026-2-27","2026-02-27 07:00:00","0%","0","3.2%","3","0%","0","0%","91","96.8%","23.1%","21","0","26","2.2%","2","94"
"MARYLAND WU 2026-2-27","2026-02-27 07:00:00","0%","0","4.2%","27","0%","0","0%","615","95.8%","33.2%","204","0","278","2.6%","16","642"
"WU DC 2026-2-27","2026-02-27 07:00:00","0%","0","5.3%","11","0%","0","0%","198","94.7%","44.9%","89","0","121","3.0%","6","209"
"DFW WU 2026-2-27","2026-02-27 08:15:00","0%","0","6.5%","7","0%","0","0%","101","93.5%","0%","0","0","0","0.99%","1","108"
"LA WU 2026-2-27","2026-02-27 10:00:00","0%","0","5.3%","10","0%","0","0%","177","94.7%","39.5%","70","0","96","1.7%","3","187"
"ATLANTA WU 2026-2-28","2026-02-28 07:00:00","0%","0","2.9%","3","0%","0","0%","99","97.1%","23.2%","23","0","25","3.0%","3","102"
"MARYLAND WU 2026-2-28","2026-02-28 07:00:00","0%","0","3.5%","27","0%","0","0%","743","96.5%","31.6%","235","0","333","1.6%","12","770"
"WU DC 2026-2-28","2026-02-28 07:00:00","0%","0","3.9%","11","0%","0","0%","270","96.1%","45.6%","123","0","173","2.6%","7","281"
"DFW WU 2026-2-28","2026-02-28 08:15:00","0%","0","4.4%","5","0%","0","0%","109","95.6%","0%","0","0","0","0.92%","1","114"
"LA WU 2026-2-28","2026-02-28 10:00:00","0%","0","5.2%","11","0%","0","0%","200","94.8%","43%","86","0","113","3.5%","7","211"
"ATLANTA WU 2026-3-2","2026-03-02 07:00:00","0%","0","3.5%","4","0%","0","0%","110","96.5%","22.7%","25","0","29","3.6%","4","114"
"MARYLAND WU 2026-3-2","2026-03-02 07:00:00","0%","0","3.9%","36","0%","0","0%","888","96.1%","16.4%","146","0","192","1.8%","16","924"
"NOVA 2026-3-2","2026-03-02 07:00:00","0%","0","4.9%","26","0%","0","0%","501","95.1%","7.8%","39","0","53","0.40%","2","527"
"WU DC 2026-3-2","2026-03-02 07:00:00","0%","0","5.8%","22","0%","0","0%","357","94.2%","23.5%","84","0","101","1.7%","6","379"
"DFW WU 2026-3-2","2026-03-02 08:00:00","0%","0","4.1%","5","0%","0","0%","117","95.9%","0%","0","0","0","0%","0","122"
"LA WU 2026-3-2","2026-03-02 10:00:00","0%","0","7.2%","17","0%","0","0%","218","92.8%","20.2%","44","0","47","3.2%","7","235"
"ATLANTA WU 2026-3-3","2026-03-03 07:00:00","0%","0","2.4%","3","0%","0","0%","122","97.6%","18.9%","23","0","26","4.1%","5","125"
"MARYLAND WU 2026-3-3","2026-03-03 07:00:00","0%","0","5.3%","18","0%","0","0%","322","94.7%","20.2%","65","0","72","2.2%","7","340"
"NOVA 2026-3-3","2026-03-03 07:00:00","0%","0","4.7%","32","0%","0","0%","653","95.3%","7.2%","47","0","66","0.46%","3","685"
"WU DC 2026-3-3","2026-03-03 07:00:00","0%","0","4.9%","25","0%","0","0%","487","95.1%","24.0%","117","0","135","3.5%","17","512"
"DFW WU 2026-3-3","2026-03-03 08:00:00","0.80%","1","3.8%","5","0%","0","0%","125","96.2%","0%","0","0","0","2.4%","3","130"
"LA WU 2026-3-3","2026-03-03 10:00:00","0%","0","5.0%","13","0%","0","0%","246","95.0%","18.7%","46","0","57","1.6%","4","259"
"ATLANTA WU 2026-3-4","2026-03-04 07:00:00","0%","0","3.6%","5","0%","0","0%","132","96.4%","14.4%","19","0","26","3.0%","4","137"
"NOVA 2026-3-4","2026-03-04 07:00:00","0%","0","4.7%","42","0%","0","0%","849","95.3%","6.5%","55","0","63","0.35%","3","891"
"DFW WU 2026-3-4","2026-03-04 08:00:00","0%","0","5.0%","7","0%","0","0%","132","95.0%","0%","0","0","0","0%","0","139"
"LA WU 2026-3-4","2026-03-04 10:00:00","0%","0","7.4%","21","0%","0","0%","262","92.6%","21.4%","56","0","62","3.1%","8","283"
"ATLANTA WU 2026-3-5","2026-03-05 07:00:00","0%","0","3.3%","5","0%","0","0%","146","96.7%","14.4%","21","0","30","2.7%","4","151"
"NOVA 2026-3-5","2026-03-05 07:00:00","0.09%","1","3.5%","41","0%","0","0%","1,117","96.5%","8.9%","99","0","132","0.45%","5","1,158"
"DFW WU 2026-3-5","2026-03-05 08:00:00","0%","0","6.8%","10","0%","0","0%","138","93.2%","0%","0","0","0","0.72%","1","148"
"LA WU 2026-3-5","2026-03-05 10:00:00","0%","0","5.8%","18","0%","0","0%","290","94.2%","18.6%","54","0","68","1.7%","5","308"
"WU DC 2026-3-5","2026-03-05 18:00:00","0%","0","4.8%","4","0%","0","0%","80","95.2%","35%","28","0","35","2.5%","2","84"
"MARYLAND WU 2026-3-5","2026-03-05 18:15:00","0%","0","4.1%","10","0%","0","0%","235","95.9%","26.0%","61","0","121","1.7%","4","245"
"ATLANTA WU 2026-3-6","2026-03-06 07:00:00","0%","0","2.4%","4","0%","0","0%","162","97.6%","13.6%","22","0","35","3.1%","5","166"
"MARYLAND WU 2026-3-6","2026-03-06 07:00:00","0%","0","2.1%","5","0%","0","0%","235","97.9%","26.8%","63","0","124","1.3%","3","240"
"NOVA 2026-3-6","2026-03-06 07:00:00","0%","0","3.2%","12","0%","0","0%","359","96.8%","9.5%","34","0","42","0%","0","371"
"WU DC 2026-3-6","2026-03-06 07:00:00","0%","0","4.7%","4","0%","0","0%","81","95.3%","14.8%","12","0","14","0%","0","85"
"DFW WU 2026-3-6","2026-03-06 08:00:00","0%","0","7.6%","12","0%","0","0%","146","92.4%","0%","0","0","0","2.1%","3","158"
"LA WU 2026-3-6","2026-03-06 10:00:00","0%","0","4.8%","16","0%","0","0%","316","95.2%","18.0%","57","0","99","1.3%","4","332"
"MARYLAND WU 2026-3-7","2026-03-07 07:00:00","0%","0","1.6%","4","0%","0","0%","240","98.4%","29.2%","70","0","124","0.83%","2","244"
"NOVA 2026-3-7","2026-03-07 07:00:00","0.27%","1","1.6%","6","0%","0","0%","377","98.4%","14.1%","53","0","101","1.1%","4","383"
"WU DC 2026-3-7","2026-03-07 07:00:00","0%","0","1.2%","1","0%","0","0%","81","98.8%","27.2%","22","0","39","0%","0","82"
"ATLANTA WU 2026-3-7","2026-03-07 07:15:00","0%","0","1.6%","3","0%","0","0%","180","98.4%","14.4%","26","0","37","2.2%","4","183"
"DFW WU 2026-3-7","2026-03-07 08:00:00","0%","0","0.60%","1","0%","0","0%","167","99.4%","0%","0","0","0","1.8%","3","168"
"LA WU 2026-3-7","2026-03-07 10:00:00","0%","0","4.1%","41","0%","0","0%","969","95.9%","28.5%","276","0","437","3.0%","29","1,010"
"NOVA Bug Test","2026-03-07 14:43:44","0%","0","0%","0","0%","0","0%","1","100%","100%","1","0","3","0%","0","1"
"ATLANTA WU 2026-3-9","2026-03-09 07:00:00","0%","0","3.0%","6","0%","0","0%","195","97.0%","17.9%","35","0","56","3.1%","6","201"
"MARYLAND WU 2026-3-9","2026-03-09 07:00:00","0%","0","1.2%","3","0%","0","0%","239","98.8%","25.1%","60","0","99","0.42%","1","242"
"NOVA 2026-3-9","2026-03-09 07:00:00","0%","0","1.3%","5","0%","0","0%","368","98.7%","18.8%","69","0","110","0%","0","373"
"WU DC 2026-3-9","2026-03-09 07:00:00","1.3%","1","3.8%","3","0%","0","0%","77","96.3%","41.6%","32","0","53","1.3%","1","80"
"DFW WU 2026-3-9","2026-03-09 08:00:00","0%","0","5.6%","10","0%","0","0%","169","94.4%","0%","0","0","0","1.8%","3","179"
"LA WU 2026-3-9","2026-03-09 10:00:00","0.21%","2","5.4%","55","0%","0","0%","968","94.6%","32.6%","316","0","457","2.3%","22","1,023"
"ATLANTA WU 2026-3-10","2026-03-10 07:00:00","0%","0","1.8%","4","0%","0","0%","217","98.2%","17.1%","37","0","54","4.1%","9","221"
"MARYLAND WU 2026-3-10","2026-03-10 07:00:00","0%","0","2.0%","5","0%","0","0%","244","98.0%","25%","61","0","96","1.2%","3","249"
"NOVA 2026-3-10","2026-03-10 07:00:00","0%","0","4.5%","17","0%","0","0%","358","95.5%","21.2%","76","0","129","0.28%","1","375"
"WU DC 2026-3-10","2026-03-10 07:00:00","0%","0","4.7%","4","0%","0","0%","81","95.3%","35.8%","29","0","50","2.5%","2","85"
"DFW WU 2026-3-10","2026-03-10 08:15:00","0%","0","6.3%","12","0%","0","0%","178","93.7%","0%","0","0","0","2.2%","4","190"
"LA WU 2026-3-10","2026-03-10 10:00:00","0%","0","2.6%","25","0%","0","0%","948","97.4%","30.8%","292","0","428","1.8%","17","973"
"ATLANTA WU 2026-3-11","2026-03-11 07:00:00","0%","0","1.2%","3","0%","0","0%","241","98.8%","13.7%","33","0","59","4.6%","11","244"
"MARYLAND WU 2026-3-11","2026-03-11 07:00:00","0%","0","2.5%","6","0%","0","0%","236","97.5%","16.5%","39","0","61","0.42%","1","242"
"NOVA 2026-3-11","2026-03-11 07:00:00","0%","0","3.2%","12","0%","0","0%","367","96.8%","20.4%","75","0","113","0.54%","2","379"
"WU DC 2026-3-11","2026-03-11 07:00:00","0%","0","6.1%","5","0%","0","0%","77","93.9%","27.3%","21","0","26","1.3%","1","82"
"DFW WU 2026-3-11","2026-03-11 08:00:00","0%","0","4.4%","9","0%","0","0%","195","95.6%","0%","0","0","0","1.5%","3","204"
"LA WU 2026-3-11","2026-03-11 10:00:00","0.10%","1","5.1%","55","0%","0","0%","1,015","94.9%","30.7%","312","0","510","2.6%","26","1,070"
"ATLANTA WU 2026-3-12","2026-03-12 07:00:00","0.38%","1","0.75%","2","0%","0","0%","266","99.3%","16.9%","45","0","59","4.5%","12","268"
"MARYLAND WU 2026-3-12","2026-03-12 07:00:00","0.43%","1","2.5%","6","0%","0","0%","232","97.5%","23.3%","54","0","92","0.43%","1","238"
"NOVA 2026-3-12","2026-03-12 07:00:00","0%","0","4.7%","18","0%","0","0%","363","95.3%","19.6%","71","0","109","0.55%","2","381"
"WU DC 2026-3-12","2026-03-12 07:00:00","0%","0","2.4%","2","0%","0","0%","83","97.6%","44.6%","37","0","52","1.2%","1","85"
"DFW WU 2026-3-12","2026-03-12 08:00:00","0%","0","8.3%","18","0%","0","0%","199","91.7%","0%","0","0","0","0.50%","1","217"
"LA WU 2026-3-12","2026-03-12 10:00:00","0.10%","1","6.3%","68","0%","0","0%","1,010","93.7%","29.4%","297","0","505","3.0%","30","1,078"
"ATLANTA WU 2026-3-13","2026-03-13 07:00:00","0%","0","1.7%","5","0%","0","0%","290","98.3%","15.9%","46","0","68","3.1%","9","295"
"MARYLAND WU 2026-3-13","2026-03-13 07:00:00","0%","0","2.5%","6","0%","0","0%","237","97.5%","24.1%","57","0","70","0.42%","1","243"
"NOVA 2026-3-13","2026-03-13 07:00:00","0%","0","4.3%","16","0%","0","0%","360","95.7%","17.8%","64","0","94","0%","0","376"
"DFW WU 2026-3-13","2026-03-13 08:00:00","0%","0","5.2%","12","0%","0","0%","220","94.8%","0%","0","0","0","1.4%","3","232"
"LA WU 2026-3-13","2026-03-13 10:00:00","0.09%","1","4.9%","54","0%","0","0%","1,055","95.1%","28.2%","298","0","372","2.2%","23","1,109"
"ATLANTA WU 2026-3-14","2026-03-14 07:00:00","0.32%","1","2.8%","9","0%","0","0%","315","97.2%","13.3%","42","0","52","2.9%","9","324"
"MARYLAND WU 2026-3-14","2026-03-14 07:00:00","0%","0","2.0%","5","0%","0","0%","240","98.0%","17.5%","42","0","53","0%","0","245"
"NOVA 2026-3-14","2026-03-14 07:00:00","0%","0","2.4%","9","0%","0","0%","360","97.6%","17.2%","62","0","99","0%","0","369"
"WU DC 2026-3-14","2026-03-14 07:00:00","0%","0","1.2%","1","0%","0","0%","81","98.8%","34.6%","28","0","41","1.2%","1","82"
"DFW WU 2026-3-14","2026-03-14 08:00:00","0%","0","5.3%","13","0%","0","0%","234","94.7%","0%","0","0","0","1.7%","4","247"
"LA WU 2026-3-14","2026-03-14 10:00:00","0%","0","5.0%","56","0%","0","0%","1,070","95.0%","33.2%","355","0","534","2.0%","21","1,126"
"MARYLAND WU 2026-3-16","2026-03-16 07:00:00","0%","0","2.0%","5","0%","0","0%","240","98.0%","9.6%","23","0","28","0.42%","1","245"
"NOVA 2026-3-16","2026-03-16 07:00:00","0%","0","3.2%","12","0%","0","0%","364","96.8%","5.8%","21","0","26","1.4%","5","376"
"WU DC 2026-3-16","2026-03-16 07:15:00","0%","0","6.9%","6","0%","0","0%","81","93.1%","9.9%","8","0","10","0%","0","87"
"ATLANTA WU 2026-3-16","2026-03-16 07:30:00","0%","0","5.3%","19","0%","0","0%","338","94.7%","25.1%","85","0","104","2.4%","8","357"
"DFW WU 2026-3-16","2026-03-16 08:00:00","0.41%","1","7.6%","20","0%","0","0%","243","92.4%","0%","0","0","0","1.6%","4","263"
"LA WU 2026-3-16","2026-03-16 10:00:00","0.19%","2","5.3%","61","0%","0","0%","1,080","94.7%","18.8%","203","0","270","2.1%","23","1,141"
"ATLANTA WU 2026-3-17","2026-03-17 07:00:00","0.27%","1","4.1%","16","0%","0","0%","376","95.9%","18.9%","71","0","90","1.6%","6","392"
"MARYLAND WU 2026-3-17","2026-03-17 07:00:00","0.42%","1","2.9%","7","0%","0","0%","237","97.1%","14.8%","35","0","45","1.3%","3","244"
"NOVA 2026-3-17","2026-03-17 07:00:00","0%","0","2.9%","11","0%","0","0%","367","97.1%","6.5%","24","0","29","0.54%","2","378"
"WU DC 2026-3-17","2026-03-17 07:00:00","0%","0","2.5%","2","0%","0","0%","78","97.5%","10.3%","8","0","8","0%","0","80"
"DFW WU 2026-3-17","2026-03-17 08:00:00","0.37%","1","5.0%","14","0%","0","0%","267","95.0%","0%","0","0","0","1.5%","4","281"
"LA WU 2026-3-17","2026-03-17 10:00:00","0%","0","6.1%","71","0%","0","0%","1,098","93.9%","15.9%","175","0","218","1.5%","16","1,169"
"ATLANTA WU 2026-3-18","2026-03-18 07:00:00","0%","0","6.7%","29","0%","0","0%","402","93.3%","17.2%","69","0","99","1.2%","5","431"
"MARYLAND WU 2026-3-18","2026-03-18 07:00:00","0%","0","2.4%","6","0%","0","0%","243","97.6%","11.9%","29","0","52","1.6%","4","249"
"NOVA 2026-3-18","2026-03-18 07:00:00","0%","0","2.4%","9","0%","0","0%","370","97.6%","8.9%","33","0","51","0.27%","1","379"
"WU DC 2026-3-18","2026-03-18 07:00:00","0%","0","1.2%","1","0%","0","0%","81","98.8%","8.6%","7","0","17","0%","0","82"
"DFW WU 2026-3-18","2026-03-18 08:00:00","0.36%","1","6.0%","18","0%","0","0%","281","94.0%","0%","0","0","0","1.4%","4","299"
"LA WU 2026-3-18","2026-03-18 10:00:00","0.18%","2","5.0%","59","0%","0","0%","1,128","95.0%","15.2%","172","0","220","2.4%","27","1,187"
"ATLANTA WU 2026-3-19","2026-03-19 07:00:00","0%","0","6.3%","30","0%","0","0%","445","93.7%","27.9%","124","0","179","2.9%","13","475"
"MARYLAND WU 2026-3-19","2026-03-19 07:00:00","0%","0","0.82%","2","0%","0","0%","241","99.2%","21.2%","51","0","69","1.2%","3","243"
"NOVA 2026-3-19","2026-03-19 07:00:00","0%","0","1.6%","6","0%","0","0%","371","98.4%","16.2%","60","0","87","0.54%","2","377"
"WU DC 2026-3-19","2026-03-19 07:00:00","0%","0","1.2%","1","0%","0","0%","85","98.8%","21.2%","18","0","25","0%","0","86"
"DFW WU 2026-3-19","2026-03-19 08:00:00","0.33%","1","6.0%","19","0%","0","0%","300","94.0%","0%","0","0","0","0.67%","2","319"
"LA WU 2026-3-19","2026-03-19 10:00:00","0.09%","1","5.8%","70","0%","0","0%","1,129","94.2%","29.1%","328","0","444","1.9%","21","1,199"
"ATLANTA WU 2026-3-20","2026-03-20 07:00:00","0%","0","4.0%","21","0%","0","0%","501","96.0%","32.5%","163","0","232","2.6%","13","522"
"MARYLAND WU 2026-3-20","2026-03-20 07:00:00","0%","0","2.6%","6","0%","0","0%","229","97.4%","19.7%","45","0","64","0.44%","1","235"
"NOVA 2026-3-20","2026-03-20 07:00:00","0%","0","1.8%","7","0%","0","0%","375","98.2%","17.6%","66","0","101","0.53%","2","382"
"WU DC 2026-3-20","2026-03-20 07:00:00","0%","0","1.2%","1","0%","0","0%","81","98.8%","21.0%","17","0","30","1.2%","1","82"
"DFW WU 2026-3-20","2026-03-20 08:00:00","0%","0","4.1%","14","0%","0","0%","325","95.9%","0%","0","0","0","0.62%","2","339"
"LA WU 2026-3-20","2026-03-20 10:00:00","0%","0","4.9%","60","0%","0","0%","1,156","95.1%","32.0%","370","0","516","2.2%","26","1,216"
"ATLANTA WU 2026-3-21","2026-03-21 07:00:00","0%","0","4.0%","23","0%","0","0%","551","96.0%","19.1%","105","0","160","1.3%","7","574"
"MARYLAND WU 2026-3-21","2026-03-21 07:00:00","0%","0","2.8%","7","0%","0","0%","240","97.2%","18.8%","45","0","53","1.3%","3","247"
"NOVA 2026-3-21","2026-03-21 07:00:00","0%","0","4.4%","17","0%","0","0%","372","95.6%","8.3%","31","0","36","0.81%","3","389"
"WU DC 2026-3-21","2026-03-21 07:00:00","0%","0","2.4%","2","0%","0","0%","82","97.6%","13.4%","11","0","13","1.2%","1","84"
"DFW WU 2026-3-21","2026-03-21 08:00:00","0%","0","6.1%","22","0%","0","0%","341","93.9%","0%","0","0","0","0.29%","1","363"
"LA WU 2026-3-21","2026-03-21 10:00:00","0.17%","2","4.7%","57","0%","0","0%","1,159","95.3%","23.1%","268","0","363","2.2%","25","1,216"
"ATLANTA WU 2026-3-23","2026-03-23 17:00:00","0%","0","3.6%","23","0%","0","0%","609","96.4%","23.8%","145","0","185","1.5%","9","632"
"DFW WU 2026-3-23","2026-03-23 17:00:00","0%","0","6.0%","23","0%","0","0%","363","94.0%","0%","0","0","0","0.28%","1","386"
"MARYLAND WU 2026-3-23","2026-03-23 17:00:00","0%","0","0.83%","2","0%","0","0%","240","99.2%","22.5%","54","0","63","2.1%","5","242"
"NOVA 2026-3-23","2026-03-23 17:00:00","0%","0","3.6%","14","0%","0","0%","375","96.4%","7.7%","29","0","34","0.53%","2","389"
"WU DC 2026-3-23","2026-03-23 17:00:00","0%","0","3.5%","3","0%","0","0%","82","96.5%","15.9%","13","0","16","0%","0","85"
"LA WU 2026-3-23","2026-03-23 20:00:00","0.09%","1","6.7%","83","0%","0","0%","1,157","93.3%","21.7%","251","0","305","2.3%","27","1,240"
"ATLANTA WU 2026-3-24","2026-03-24 07:00:00","0%","0","4.6%","32","0%","0","0%","663","95.4%","19.0%","126","0","170","2.4%","16","695"
"DC WU 2026-3-24","2026-03-24 07:00:00","0%","0","7.0%","6","0%","0","0%","80","93.0%","6.3%","5","0","5","0%","0","86"
"MARYLAND WU 2026-3-23 (copy 01)","2026-03-24 07:00:00","0%","0","0.83%","2","0%","0","0%","238","99.2%","27.3%","65","0","76","0.84%","2","240"
"NOVA 2026-3-24","2026-03-24 07:00:00","0%","0","5.4%","21","0%","0","0%","367","94.6%","7.1%","26","0","36","0.27%","1","388"
"DFW WU 2026-3-24","2026-03-24 08:00:00","0%","0","5.8%","24","0%","0","0%","388","94.2%","0%","0","0","0","0.26%","1","412"
"LA WU 2026-3-24","2026-03-24 10:00:00","0%","0","4.7%","58","0%","0","0%","1,189","95.3%","16.0%","190","0","219","2.2%","26","1,247"
"ATLANTA WU 2026-3-25","2026-03-25 07:00:00","0%","0","3.8%","29","0%","0","0%","734","96.2%","24.1%","177","0","224","1.8%","13","763"
"MARYLAND WU 2026-3-25","2026-03-25 07:00:00","0%","0","2.5%","6","0%","0","0%","235","97.5%","17.0%","40","0","44","0.85%","2","241"
"DC WU 2026-3-25","2026-03-25 07:15:00","0%","0","2.4%","2","0%","0","0%","82","97.6%","1.2%","1","0","1","1.2%","1","84"
"NOVA 2026-3-25","2026-03-25 07:15:00","0%","0","4.9%","19","0%","0","0%","370","95.1%","5.9%","22","0","31","0.81%","3","389"
"DFW WU 2026-3-25","2026-03-25 08:00:00","0%","0","6.6%","29","0%","0","0%","409","93.4%","0%","0","0","0","0.49%","2","438"
"LA WU 2026-3-25","2026-03-25 10:00:00","0.08%","1","4.2%","53","0%","0","0%","1,211","95.8%","18.6%","225","0","304","2.4%","29","1,264"
"ATLANTA WU 2026-3-26","2026-03-26 08:30:00","0%","0","4.6%","39","0.25%","2","3.3%","802","95.4%","7.5%","60","2","90","0.37%","3","841"
"MARYLAND WU 2026-3-26","2026-03-26 08:30:00","0%","0","0.83%","2","0%","0","0%","240","99.2%","20.4%","49","0","59","0.83%","2","242"
"NOVA 2026-3-26","2026-03-26 08:30:00","0%","0","4.4%","17","0%","0","0%","371","95.6%","10.0%","37","0","44","0.54%","2","388"
"DC WU 2026-3-26","2026-03-26 08:45:00","0%","0","2.5%","2","0%","0","0%","79","97.5%","17.7%","14","0","16","1.3%","1","81"
"DFW WU 2026-3-26","2026-03-26 08:45:00","0%","0","9.0%","42","0%","0","0%","426","91.0%","0%","0","0","0","0%","0","468"
"LA WU 2026-3-26","2026-03-26 10:00:00","0.16%","2","5.7%","74","0.08%","1","2.2%","1,223","94.3%","3.8%","46","2","50","0.33%","4","1,297"
"ATLANTA WU 2026-3-27","2026-03-27 07:00:00","0%","0","4.2%","39","0.34%","3","3.8%","886","95.8%","8.9%","79","6","117","0.34%","3","925"
"DC WU 2026-3-27","2026-03-27 07:00:00","0%","0","2.4%","2","0%","0","0%","80","97.6%","11.3%","9","0","12","0%","0","82"
"MARYLAND WU 2026-3-27","2026-03-27 07:00:00","0%","0","1.6%","4","0%","0","0%","239","98.4%","21.3%","51","0","67","0.84%","2","243"
"NOVA 2026-3-27","2026-03-27 07:00:00","0%","0","4.4%","17","0%","0","0%","372","95.6%","7.5%","28","0","36","1.3%","5","389"
"DFW WU 2026-3-27","2026-03-27 08:00:00","0.22%","1","7.0%","35","0%","0","0%","464","93.0%","0%","0","0","0","0.86%","4","499"
"LA WU 2026-3-27","2026-03-27 10:00:00","0%","0","4.4%","57","0%","0","0%","1,234","95.6%","5.5%","68","0","83","0.49%","6","1,291"
"Dist Test","2026-03-29 20:15:13","0%","0","0%","0","100%","1","100%","1","100%","100%","1","1","2","0%","0","1"
"ATLANTA WU 2026-3-30","2026-03-30 07:00:00","0%","0","6.0%","67","0%","0","0%","1,051","94.0%","10.8%","113","0","158","0.86%","9","1,118"
"DC WU 2026-3-30","2026-03-30 07:00:00","0%","0","3.5%","3","0%","0","0%","83","96.5%","15.7%","13","0","15","0%","0","86"
"MARYLAND WU 2026-3-30","2026-03-30 07:00:00","0%","0","2.1%","5","0%","0","0%","235","97.9%","25.1%","59","0","63","1.7%","4","240"
"DFW WU 2026-3-30","2026-03-30 08:00:00","0%","0","8.8%","50","0%","0","0%","517","91.2%","0%","0","0","0","0.39%","2","567"
"LA WU 2026-3-30","2026-03-30 10:00:00","0%","0","5.7%","77","0%","0","0%","1,266","94.3%","10.0%","127","0","152","0.32%","4","1,343"
"ATLANTA WU 2026-4-1","2026-04-01 11:30:00","0%","0","7.8%","105","0.40%","5","3.5%","1,249","92.2%","11.4%","142","10","209","0.40%","5","1,354"
"DFW WU 2026-4-1","2026-04-01 11:30:00","0.17%","1","6.0%","39","0%","0","0%","606","94.0%","0%","0","0","0","0.17%","1","645"
"LA WU 2026-4-1","2026-04-01 11:45:00","0%","0","5.2%","31","0%","0","0%","561","94.8%","5.7%","32","0","37","0.71%","4","592"
"ATLANTA WU 2026-4-2","2026-04-02 07:00:00","0%","0","7.5%","111","0.15%","2","1.4%","1,377","92.5%","10.4%","143","3","218","0.36%","5","1,488"
"DC WU 2026-4-2","2026-04-02 07:00:00","0%","0","3.8%","3","0%","0","0%","75","96.2%","12%","9","0","14","0%","0","78"
"MARYLAND WU 2026-4-2","2026-04-02 07:00:00","0%","0","5.7%","13","0%","0","0%","215","94.3%","24.2%","52","0","58","0.47%","1","228"
"NOVA 2026-4-2","2026-04-02 07:00:00","0%","0","3.0%","9","0%","0","0%","295","97.0%","11.5%","34","0","40","0%","0","304"
"DFW WU 2026-4-2","2026-04-02 08:00:00","0.16%","1","6.1%","42","0%","0","0%","643","93.9%","0%","0","0","0","0.62%","4","685"
"LA WU 2026-4-2","2026-04-02 12:00:00","0%","0","5.0%","29","0.18%","1","3.2%","546","95.0%","5.7%","31","2","37","0.18%","1","575"
"DC WU 2026-4-3","2026-04-03 07:00:00","0%","0","3.7%","3","0%","0","0%","79","96.3%","19.0%","15","0","16","0%","0","82"
"MARYLAND WU 2026-4-3","2026-04-03 07:00:00","0%","0","4.0%","9","0%","0","0%","218","96.0%","24.3%","53","0","64","1.4%","3","227"
"NOVA 2026-4-3","2026-04-03 07:00:00","0%","0","2.6%","8","0%","0","0%","303","97.4%","7.3%","22","0","29","0.33%","1","311"
"DFW WU 2026-4-3","2026-04-03 08:00:00","0.15%","1","7.3%","53","0%","0","0%","678","92.7%","0%","0","0","0","0.59%","4","731"
"LA WU 2026-4-3","2026-04-03 10:00:00","0%","0","5.7%","33","0%","0","0%","549","94.3%","7.5%","41","0","43","0.55%","3","582"
"DC WU 2026-4-4","2026-04-04 10:00:00","0%","0","2.6%","2","0%","0","0%","76","97.4%","5.3%","4","0","5","0%","0","78"
"MARYLAND WU 2026-4-4","2026-04-04 10:00:00","0%","0","2.2%","5","0%","0","0%","224","97.8%","25.9%","58","0","75","0%","0","229"
"NOVA 2026-4-4","2026-04-04 10:00:00","0%","0","1.9%","6","0%","0","0%","316","98.1%","6.6%","21","0","24","0.32%","1","322"
"ATLANTA WU 2026-4-4","2026-04-04 10:15:00","0%","0","4.6%","83","0.12%","2","1.2%","1,719","95.4%","9.5%","164","2","232","0.52%","9","1,802"
"DFW WU 2026-4-4","2026-04-04 10:15:00","0%","0","5.9%","46","0%","0","0%","735","94.1%","0%","0","0","0","0.14%","1","781"
"LA WU 2026-4-4","2026-04-04 11:15:00","0%","0","5.4%","33","0%","0","0%","574","94.6%","8.2%","47","0","51","0.52%","3","607"
"ATLANTA WU 2026-4-6","2026-04-06 07:15:00","0.11%","2","4.7%","93","0.05%","1","0.71%","1,888","95.3%","7.4%","140","1","206","0.37%","7","1,981"
"DC WU 2026-4-6","2026-04-06 07:15:00","0%","0","3.9%","3","0%","0","0%","74","96.1%","4.1%","3","0","3","0%","0","77"
"MARYLAND WU 2026-4-6","2026-04-06 07:15:00","0%","0","5.2%","12","0%","0","0%","217","94.8%","27.6%","60","0","78","0%","0","229"
"NOVA 2026-4-6","2026-04-06 07:15:00","0%","0","3.1%","10","0%","0","0%","309","96.9%","11.7%","36","0","40","0.65%","2","319"
"DFW WU 2026-4-6","2026-04-06 08:00:00","0.13%","1","6.6%","55","0%","0","0%","777","93.4%","0%","0","0","0","0.51%","4","832"
"LA WU 2026-4-6","2026-04-06 10:00:00","0%","0","5.6%","36","0.17%","1","2.7%","604","94.4%","6.1%","37","2","38","0.33%","2","640"
"DC WU 2026-4-7","2026-04-07 08:45:00","0%","0","2.7%","2","0%","0","0%","73","97.3%","16.4%","12","0","14","1.4%","1","75"
"DFW WU 2026-4-7","2026-04-07 08:45:00","0%","0","6.8%","60","0%","0","0%","826","93.2%","0%","0","0","0","0.24%","2","886"
"MARYLAND WU 2026-4-7","2026-04-07 08:45:00","0%","0","2.6%","6","0%","0","0%","227","97.4%","19.8%","45","0","59","0.44%","1","233"
"NOVA 2026-4-7","2026-04-07 08:45:00","0%","0","7.4%","22","0%","0","0%","274","92.6%","13.5%","37","0","45","0.73%","2","296"
"LA WU 2026-4-7","2026-04-07 10:00:00","0%","0","3.5%","22","0.65%","4","8.3%","615","96.5%","7.8%","48","8","56","0.33%","2","637"
"ATLANTA WU 2026-4-8","2026-04-08 07:00:00","0.04%","1","5.2%","124","0.09%","2","0.59%","2,274","94.8%","14.9%","338","2","405","0.31%","7","2,398"
"DC WU 2026-4-7 (copy 01)","2026-04-08 07:00:00","0%","0","6.7%","5","0%","0","0%","70","93.3%","25.7%","18","0","21","0%","0","75"
"MARYLAND WU 2026-4-8","2026-04-08 07:00:00","0%","0","3.9%","9","0%","0","0%","221","96.1%","26.2%","58","0","66","0%","0","230"
"NOVA 2026-4-8","2026-04-08 07:00:00","0%","0","3.5%","11","0%","0","0%","301","96.5%","14.0%","42","0","46","0%","0","312"
"DFW WU 2026-4-8","2026-04-08 08:00:00","0%","0","6.7%","63","0%","0","0%","882","93.3%","0%","0","0","0","0.68%","6","945"
"LA WU 2026-4-8","2026-04-08 10:00:00","0%","0","7.2%","47","0%","0","0%","607","92.8%","0%","0","0","0","0.66%","4","654"
"ATLANTA WU 2026-4-9","2026-04-09 07:00:00","0%","0","5.2%","57","0.10%","1","0.66%","1,034","94.8%","14.7%","152","1","201","0.58%","6","1,091"
"DC WU 2026-4-9","2026-04-09 07:00:00","0%","0","2.5%","2","0%","0","0%","78","97.5%","34.6%","27","0","32","0%","0","80"
"MARYLAND WU 2026-4-9","2026-04-09 07:00:00","0%","0","2.6%","6","0%","0","0%","221","97.4%","23.5%","52","0","61","0%","0","227"
"NOVA 2026-4-9","2026-04-09 07:00:00","0%","0","4.9%","15","0%","0","0%","292","95.1%","17.1%","50","0","54","0%","0","307"
"DFW WU 2026-4-9","2026-04-09 08:00:00","0%","0","8.6%","87","0%","0","0%","919","91.4%","0%","0","0","0","0.22%","2","1,006"
"LA WU 2026-4-9","2026-04-09 10:00:00","0%","0","5.5%","37","0.16%","1","0%","637","94.5%","0%","0","1","0","0.31%","2","674"
"DC WU 2026-4-10","2026-04-10 07:15:00","0%","0","4.9%","4","0%","0","0%","77","95.1%","14.3%","11","0","12","1.3%","1","81"
"MARYLAND WU 2026-4-10","2026-04-10 07:15:00","0%","0","3.1%","7","0%","0","0%","219","96.9%","21.9%","48","0","60","0.46%","1","226"
"NOVA 2026-4-10","2026-04-10 07:15:00","0%","0","3.6%","11","0%","0","0%","298","96.4%","9.1%","27","0","31","0.34%","1","309"
"LA WU 2026-4-10","2026-04-10 10:00:00","0%","0","4.4%","32","0%","0","0%","692","95.6%","0%","0","0","0","0.87%","6","724"
"DC WU 2026-4-13","2026-04-13 11:45:00","0%","0","6.2%","5","0%","0","0%","76","93.8%","26.3%","20","0","21","2.6%","2","81"
"LA WU 2026-4-13","2026-04-13 11:45:00","0%","0","6.2%","46","0.72%","5","0%","694","93.8%","0%","0","9","0","0.29%","2","740"
"MARYLAND WU 2026-4-13","2026-04-13 11:45:00","0%","0","3.8%","9","0%","0","0%","225","96.2%","24%","54","0","64","0.89%","2","234"
"NOVA 2026-4-13","2026-04-13 11:45:00","0%","0","3.9%","12","0%","0","0%","298","96.1%","11.1%","33","0","36","0.34%","1","310"
"ATLANTA WU 2026-4-13","2026-04-13 12:30:00","0%","0","1.5%","25","0.06%","1","3.6%","1,674","98.5%","1.7%","28","1","35","0.12%","2","1,699"
"DFW WU 2026-4-13","2026-04-13 13:15:00","0%","0","4.8%","55","0%","0","0%","1,086","95.2%","0%","0","0","0","0.74%","8","1,141"
"ATLANTA WU 2026-4-15","2026-04-15 07:00:00","0%","0","3.1%","53","1.8%","29","15.8%","1,642","96.9%","11.1%","183","29","247","0.37%","6","1,695"
"MARYLAND WU 2026-4-15","2026-04-15 07:00:00","0%","0","2.2%","5","0%","0","0%","224","97.8%","24.6%","55","0","70","0.45%","1","229"
"NOVA 2026-4-15","2026-04-15 07:00:00","0%","0","1.6%","5","0%","0","0%","309","98.4%","12.3%","38","0","44","0%","0","314"
"DFW WU 2026-4-15","2026-04-15 08:00:00","0%","0","4.3%","49","0%","0","0%","1,095","95.7%","0%","0","0","0","0.73%","8","1,144"
"LA WU 2026-4-15","2026-04-15 10:00:00","0%","0","5.4%","43","1.7%","13","0%","756","94.6%","0%","0","13","0","0.66%","5","799"
"ATLANTA WU 2026-4-16","2026-04-16 17:15:00","0%","0","3.1%","54","2.0%","34","9.8%","1,675","96.9%","20.7%","346","34","469","0.54%","9","1,729"
"DC WU 2026-4-16","2026-04-16 17:15:00","0%","0","1.3%","1","0%","0","0%","79","98.8%","13.9%","11","0","13","0%","0","80"
"DFW WU 2026-4-16","2026-04-16 17:15:00","0%","0","3.6%","40","0%","0","0%","1,086","96.4%","0%","0","0","0","0.37%","4","1,126"
"LA WU 2026-4-16","2026-04-16 17:15:00","0%","0","5.8%","45","0.82%","6","0%","736","94.2%","0%","0","6","0","0.41%","3","781"
"MARYLAND WU 2026-4-16","2026-04-16 17:15:00","0%","0","3.0%","7","0%","0","0%","228","97.0%","23.2%","53","0","66","0.44%","1","235"
"NOVA 2026-4-16","2026-04-16 17:15:00","0%","0","2.6%","8","0%","0","0%","302","97.4%","13.2%","40","0","45","0%","0","310"
"ATLANTA WU 2026-4-17","2026-04-17 07:00:00","0%","0","2.7%","47","1.8%","30","11.0%","1,678","97.3%","16.2%","272","30","359","0.42%","7","1,725"
"DC WU 2026-4-17","2026-04-17 07:00:00","0%","0","2.4%","2","0%","0","0%","80","97.6%","10%","8","0","8","0%","0","82"
"MARYLAND WU 2026-4-17","2026-04-17 07:00:00","0%","0","3.1%","7","0%","0","0%","217","96.9%","23.5%","51","0","61","1.4%","3","224"
"NOVA 2026-4-17","2026-04-17 07:00:00","0%","0","1.9%","6","0%","0","0%","310","98.1%","10.6%","33","0","38","0%","0","316"
"DFW WU 2026-4-17","2026-04-17 08:00:00","0%","0","3.9%","45","0%","0","0%","1,116","96.1%","0%","0","0","0","0.27%","3","1,161"
"LA WU 2026-4-17","2026-04-17 10:00:00","0%","0","4.6%","37","1.1%","8","0%","759","95.4%","0%","0","8","0","0.92%","7","796"
"ATLANTA WU 2026-4-18","2026-04-18 18:00:00","0.18%","3","3.4%","60","1.9%","32","10.9%","1,703","96.6%","17.3%","294","33","412","0.59%","10","1,763"
"DC WU 2026-4-18","2026-04-18 18:00:00","0%","0","2.6%","2","0%","0","0%","74","97.4%","17.6%","13","0","17","0%","0","76"
"DFW WU 2026-4-18","2026-04-18 18:00:00","0%","0","4.6%","53","0%","0","0%","1,101","95.4%","0%","0","0","0","0.18%","2","1,154"
"LA WU 2026-4-18","2026-04-18 18:00:00","0%","0","5.5%","44","1.6%","12","0%","750","94.5%","0%","0","13","0","0.80%","6","794"
"MARYLAND WU 2026-4-18","2026-04-18 18:00:00","0%","0","1.8%","4","0%","0","0%","221","98.2%","25.3%","56","0","65","0.90%","2","225"
"NOVA 2026-4-18","2026-04-18 18:00:00","0%","0","2.9%","9","0%","0","0%","303","97.1%","10.9%","33","0","41","0.33%","1","312"
"MARYLAND WU 2026-4-20","2026-04-20 18:30:00","0%","0","3.0%","7","0%","0","0%","224","97.0%","24.1%","54","0","71","0.89%","2","231"
"ATLANTA WU 2026-4-20","2026-04-20 18:45:00","0%","0","4.5%","79","1.9%","32","11.9%","1,673","95.5%","16.0%","268","32","391","0.36%","6","1,752"
"NOVA 2026-4-20","2026-04-20 18:45:00","0%","0","2.6%","8","0%","0","0%","305","97.4%","15.1%","46","0","54","0%","0","313"
"DC WU 2026-4-20","2026-04-20 19:30:00","1.3%","1","1.2%","1","0%","0","0%","80","98.8%","18.8%","15","0","17","1.3%","1","81"
"DFW WU 2026-4-20","2026-04-20 19:30:00","0.09%","1","6.6%","78","0.09%","1","0%","1,099","93.4%","0%","0","3","0","0.64%","7","1,177"
"LA WU 2026-4-20","2026-04-20 19:30:00","0.13%","1","2.1%","16","1.5%","11","0%","745","97.9%","0%","0","11","0","0.27%","2","761"
"ATLANTA WU 2026-4-21","2026-04-21 18:00:00","0%","0","5.3%","93","2.9%","48","13.8%","1,656","94.7%","21.0%","347","53","505","0.30%","5","1,749"
"MARYLAND WU 2026-4-21","2026-04-21 18:00:00","0%","0","2.2%","5","0%","0","0%","221","97.8%","24.0%","53","0","61","0.90%","2","226"
"NOVA 2026-4-21","2026-04-21 18:00:00","0%","0","4.0%","13","0%","0","0%","314","96.0%","15.6%","49","0","58","0.32%","1","327"
"DC WU 2026-4-21","2026-04-21 18:15:00","0%","0","1.3%","1","0%","0","0%","76","98.7%","38.2%","29","0","30","0%","0","77"
"DFW WU 2026-4-21","2026-04-21 18:15:00","0%","0","6.7%","79","0%","0","0%","1,105","93.3%","0%","0","0","0","0.09%","1","1,184"
"LA WU 2026-4-21","2026-04-21 19:00:00","0%","0","3.2%","28","0.94%","8","0%","855","96.8%","0%","0","12","0","0.23%","2","883"
"ATLANTA WU 2026-4-23","2026-04-23 07:00:00","0.06%","1","4.6%","81","5.1%","87","25.8%","1,692","95.4%","19.9%","337","87","510","0.83%","14","1,773"
"DC WU 2026-4-23","2026-04-23 07:00:00","0%","0","7.6%","6","5.5%","4","22.2%","73","92.4%","24.7%","18","4","22","0%","0","79"
"MARYLAND WU 2026-4-23","2026-04-23 07:00:00","0%","0","2.6%","6","2.7%","6","12.8%","225","97.4%","20.9%","47","6","60","0.89%","2","231"
"NOVA 2026-4-23","2026-04-23 07:00:00","0%","0","4.3%","13","2.8%","8","17.0%","288","95.7%","16.3%","47","8","57","0%","0","301"
"DFW WU 2026-4-23","2026-04-23 08:00:00","0%","0","5.5%","64","2.9%","32","0%","1,106","94.5%","0%","0","32","0","0.27%","3","1,170"
"LA WU 2026-4-23","2026-04-23 10:00:00","0%","0","2.9%","26","5.2%","45","0%","863","97.1%","0%","0","45","0","0.46%","4","889"
"MARYLAND WU 2026-4-25","2026-04-25 05:45:00","0%","0","2.6%","6","2.7%","6","10%","223","97.4%","26.9%","60","6","78","0%","0","229"
"ATLANTA WU 2026-4-25","2026-04-25 07:30:00","0%","0","3.8%","66","6.4%","107","32.5%","1,678","96.2%","19.6%","329","107","478","0.30%","5","1,744"
"DC WU 2026-4-25","2026-04-25 07:30:00","0%","0","5.1%","4","1.4%","1","9.1%","74","94.9%","14.9%","11","1","17","0%","0","78"
"NOVA 2026-4-25","2026-04-25 07:30:00","0.33%","1","1.9%","6","4.9%","15","34.1%","305","98.1%","14.4%","44","15","55","0.33%","1","311"
"DFW WU 2026-4-25","2026-04-25 08:30:00","0.09%","1","5.3%","62","3.1%","34","0%","1,110","94.7%","0%","0","34","0","0.27%","3","1,172"
"LA WU 2026-4-25","2026-04-25 10:30:00","0%","0","4.3%","38","7.4%","63","0%","849","95.7%","0%","0","65","0","0.24%","2","887"
"ATLANTA WU 2026-4-27","2026-04-27 07:00:00","0%","0","5.2%","93","2.8%","48","14.4%","1,693","94.8%","19.7%","334","50","489","0.18%","3","1,786"
"DC WU 2026-4-27","2026-04-27 07:00:00","0%","0","6.7%","5","2.9%","2","10%","70","93.3%","28.6%","20","2","21","2.9%","2","75"
"MARYLAND WU 2026-4-27","2026-04-27 07:00:00","0%","0","4.8%","11","0%","0","0%","220","95.2%","19.5%","43","0","65","0.91%","2","231"
"NOVA 2026-4-27","2026-04-27 07:00:00","0%","0","2.6%","8","1.4%","4","7.0%","295","97.4%","19.3%","57","4","75","0%","0","303"
"DFW WU 2026-4-27","2026-04-27 08:00:00","0%","0","6.5%","75","1.5%","16","0%","1,081","93.5%","0%","0","16","0","0.28%","3","1,156"
"LA WU 2026-4-27","2026-04-27 10:00:00","0.12%","1","4.0%","36","9.5%","81","0%","856","96.0%","0%","0","81","0","0.47%","4","892"
"MARYLAND WU 2026-4-28","2026-04-28 07:00:00","0%","0","3.1%","7","0.46%","1","2.1%","217","96.9%","21.7%","47","1","59","0.46%","1","224"
"NOVA 2026-4-28","2026-04-28 07:00:00","0%","0","4.4%","14","4.3%","13","22.8%","305","95.6%","18.7%","57","13","80","0.33%","1","319"
"ATLANTA WU 2026-4-28","2026-04-28 07:15:00","0.06%","1","3.7%","65","5.2%","88","27.5%","1,681","96.3%","19.0%","320","88","453","0.48%","8","1,746"
"DC WU 2026-4-28","2026-04-28 07:15:00","0%","0","2.5%","2","3.8%","3","10.3%","79","97.5%","36.7%","29","3","33","0%","0","81"
"DFW WU 2026-4-28","2026-04-28 08:00:00","0.09%","1","8.6%","103","3.1%","34","0%","1,093","91.4%","0%","0","35","0","0.82%","9","1,196"
"LA WU 2026-4-28","2026-04-28 10:15:00","0%","0","4.5%","40","7.4%","63","0%","847","95.5%","0%","0","64","0","0.59%","5","887"
"The PM Problem","2026-05-04 17:15:00","0%","0","3.6%","67","0%","0","0%","1,810","96.4%","21.5%","390","0","423","0.28%","5","1,877"
"The PM Problem","2026-05-04 18:00:00","0.04%","3","3.7%","276","0.08%","6","0.78%","7,158","96.3%","10.8%","774","10","887","0.28%","20","7,434"
"The PM Problem","2026-05-04 18:45:00","0%","0","5.8%","295","0.10%","5","0.62%","4,775","94.2%","16.9%","808","9","891","0.23%","11","5,070"
"The PM Problem","2026-05-04 19:15:00","0.10%","13","3.3%","432","0.09%","12","0.89%","12,729","96.7%","10.6%","1,353","23","1,747","0.35%","45","13,161"
"The PM Problem","2026-05-04 19:15:00","0.06%","3","2.4%","133","0.28%","15","1.4%","5,341","97.6%","19.6%","1,048","26","1,332","0.58%","31","5,474"
"The PM Problem","2026-05-04 19:30:00","0.03%","4","3.8%","626","0.18%","29","1.6%","15,840","96.2%","11.6%","1,843","69","2,127","0.47%","74","16,466"
"Buyer Psychology","2026-05-06 07:30:00","0.08%","4","2.6%","143","0.25%","13","1.8%","5,281","97.4%","14.0%","741","13","871","1.2%","62","5,424"
"Buyer Psychology","2026-05-06 07:30:00","0.02%","1","3.0%","164","0.09%","5","0.65%","5,307","97.0%","14.6%","775","11","921","0.23%","12","5,471"
"Buyer Psychology","2026-05-06 07:45:00","0.03%","2","3.3%","246","0.03%","2","0.30%","7,129","96.7%","9.4%","668","2","731","0.35%","25","7,375"
"Buyer Psychology","2026-05-06 08:15:00","0%","0","3.4%","64","0.17%","3","0.83%","1,804","96.6%","20.0%","361","4","391","0.06%","1","1,868"
"Buyer Psychology","2026-05-06 10:00:00","0%","0","5.1%","178","0.06%","2","0.48%","3,295","94.9%","12.7%","420","3","446","0.30%","10","3,473"
"Buyer Psychology","2026-05-06 10:15:00","0%","0","3.3%","175","0.19%","10","1.6%","5,190","96.7%","11.7%","608","27","681","0.31%","16","5,365"
"Friday SPEAR","2026-05-08 09:00:00","0.06%","2","0.78%","27","0.23%","8","0.36%","3,418","99.2%","65.1%","2,225","18","2,791","0.61%","21","3,445"
"Friday SPEAR","2026-05-08 09:00:00","0.04%","1","0.08%","2","0.17%","4","1.0%","2,410","99.9%","16.3%","392","4","474","1.1%","26","2,412"
"Friday SPEAR","2026-05-08 09:00:00","0%","0","0%","0","0.18%","1","0.33%","567","100%","54.1%","307","2","325","1.1%","6","567"
"Friday SPEAR","2026-05-08 09:00:00","0%","0","0.15%","2","0.22%","3","0.56%","1,336","99.9%","40.1%","536","3","610","0.45%","6","1,338"
"Friday SPEAR","2026-05-08 10:00:00","0%","0","0.27%","4","0.34%","5","0.46%","1,480","99.7%","73.4%","1,086","13","1,149","0.41%","6","1,484"
"Friday SPEAR","2026-05-08 12:00:00","0%","0","0.17%","6","0.53%","19","1.1%","3,556","99.8%","48.2%","1,713","84","1,955","1.3%","46","3,562"
"Buyer Psychology 2","2026-05-12 12:00:00","0.03%","1","0.57%","19","0.18%","6","0.28%","3,336","99.4%","64.8%","2,162","15","2,684","0.57%","19","3,355"
"Buyer Psychology 2","2026-05-12 12:00:00","0%","0","0%","0","0%","0","0%","568","100%","48.1%","273","0","285","0.35%","2","568"
"Buyer Psychology 2","2026-05-12 12:00:00","0%","0","0.15%","2","0.23%","3","0.65%","1,315","99.8%","35.1%","462","5","523","0.76%","10","1,317"
"Buyer Psychology 2","2026-05-12 12:00:00","0%","0","0%","0","0.12%","3","0.89%","2,423","100%","13.9%","337","7","400","0.87%","21","2,423"
"Buyer Psychology 2","2026-05-12 13:00:00","0%","0","0.13%","2","0.40%","6","0.57%","1,486","99.9%","70.9%","1,054","16","1,120","0.47%","7","1,488"
"Buyer Psychology 2","2026-05-12 15:00:00","0.03%","1","0.28%","10","0.56%","20","1.1%","3,552","99.7%","49.8%","1,769","75","1,941","1.2%","43","3,562"
"Seller Objection","2026-05-14 08:45:00","0%","0","0%","0","0.36%","2","0.55%","560","100%","65%","364","2","392","0.54%","3","560"
"Seller Objection","2026-05-14 08:45:00","0%","0","0%","0","0.54%","7","0.99%","1,286","100%","55.1%","709","14","771","0.70%","9","1,286"
"Seller Objection","2026-05-14 08:45:00","0%","0","0.40%","13","0.67%","22","0.95%","3,271","99.6%","71.0%","2,321","56","3,103","0.43%","14","3,284"
"Seller Objection","2026-05-14 08:45:00","0%","0","0.13%","3","0.29%","7","1.4%","2,391","99.9%","21.2%","507","15","595","0.67%","16","2,394"
"Seller Objection","2026-05-14 09:45:00","0%","0","0%","0","0.27%","4","0.34%","1,481","100%","79.2%","1,173","14","1,274","0.54%","8","1,481"
"Seller Objection","2026-05-14 11:45:00","0.06%","2","0.34%","12","0.51%","18","0.91%","3,522","99.7%","56.3%","1,983","60","2,173","0.43%","15","3,534"
"Sat Consequence","2026-05-16 17:00:00","0.03%","1","0.37%","12","0.56%","18","1.0%","3,232","99.6%","54.4%","1,759","26","2,331","0.65%","21","3,244"
"Sat Consequence","2026-05-16 17:00:00","0%","0","0%","0","0.72%","4","1.1%","559","100%","67.4%","377","6","425","0.36%","2","559"
"Sat Consequence","2026-05-16 17:00:00","0%","0","0.16%","2","0.08%","1","0.14%","1,268","99.8%","56.2%","712","1","822","0.47%","6","1,270"
"Sat Consequence","2026-05-16 17:00:00","0%","0","0.13%","3","0.13%","3","0.39%","2,373","99.9%","32.5%","772","7","923","0.80%","19","2,376"
"Sat Consequence","2026-05-16 18:00:00","0%","0","0.14%","2","0.54%","8","0.68%","1,471","99.9%","79.5%","1,169","14","1,349","0.20%","3","1,473"
"Sat Consequence","2026-05-16 20:00:00","0.03%","1","0.26%","9","0.80%","28","1.4%","3,512","99.7%","55.0%","1,933","55","2,218","0.46%","16","3,521"
"Curbio is Better","2026-05-18 15:00:00","0.03%","1","0.27%","8","0.30%","9","0.56%","2,998","99.7%","53.4%","1,600","16","2,318","0.60%","18","3,006"
"Curbio is Better","2026-05-18 15:00:00","0%","0","0%","0","0.37%","2","0.56%","541","100%","66.0%","357","2","405","0.55%","3","541"
"Curbio is Better","2026-05-18 15:00:00","0%","0","0%","0","0.33%","4","0.54%","1,199","100%","61.7%","740","5","855","0.42%","5","1,199"
"Curbio is Better","2026-05-18 15:00:00","0%","0","0.05%","1","0.18%","4","0.50%","2,170","100.0%","36.5%","793","21","1,001","0.69%","15","2,171"
"Curbio is Better","2026-05-18 16:00:00","0%","0","0%","0","0.21%","3","0.25%","1,447","100%","81.4%","1,178","8","1,327","0.76%","11","1,447"
"Curbio is Better","2026-05-18 18:00:00","0%","0","0.39%","13","0.69%","23","1.1%","3,344","99.6%","62.0%","2,072","123","2,271","0.36%","12","3,357"
"Pay at Close","2026-05-20 12:00:00","0%","0","0%","0","0.19%","1","0.30%","530","100%","62.1%","329","2","358","0.38%","2","530"
"Pay at Closing","2026-05-20 12:15:00","0.03%","1","0.34%","10","0.34%","10","0.62%","2,960","99.7%","54.8%","1,621","17","2,109","0.74%","22","2,970"
"Pay at Closing","2026-05-20 12:15:00","0%","0","0.18%","2","0%","0","0%","1,125","99.8%","50.7%","570","0","631","0.62%","7","1,127"
"Pay at Closing","2026-05-20 12:15:00","0%","0","0%","0","0.20%","4","0.87%","2,030","100%","22.6%","458","9","592","0.59%","12","2,030"
"Pay at Closing","2026-05-20 13:15:00","0%","0","0.07%","1","0.14%","2","0.17%","1,424","99.9%","80.7%","1,149","6","1,253","0.28%","4","1,425"
"Pay at Closing","2026-05-20 15:15:00","0.06%","2","0.30%","10","0.61%","20","0.98%","3,302","99.7%","61.9%","2,044","61","2,237","0.61%","20","3,312"
"Curbio Offer","2026-05-22 09:00:00","0.09%","1","0.09%","1","0%","0","0%","1,115","99.9%","50.9%","567","0","613","0.54%","6","1,116"
"Curbio Offer","2026-05-22 09:00:00","0%","0","0%","0","0.38%","2","0.72%","526","100%","52.7%","277","2","305","0.38%","2","526"
"Curbio Offer","2026-05-22 09:00:00","0%","0","0%","0","0.40%","8","2.2%","2,012","100%","18.5%","372","17","474","0.55%","11","2,012"
"Curbio Offer","2026-05-22 09:00:00","0%","0","0.31%","9","0.34%","10","0.72%","2,926","99.7%","47.2%","1,381","22","1,968","0.38%","11","2,935"
"Curbio Offer","2026-05-22 10:00:00","0%","0","0.07%","1","0.28%","4","0.37%","1,417","99.9%","77.2%","1,094","8","1,164","0%","0","1,418"
"Curbio Offer","2026-05-22 12:00:00","0%","0","0.19%","6","0.53%","17","0.99%","3,230","99.8%","53.0%","1,712","56","1,861","0.19%","6","3,236"
"Memorial Day","2026-05-25 10:29:13","0%","0","0%","0","2.3%","12","3.5%","524","100%","66.0%","346","14","388","0.57%","3","524"
"Memorial Day","2026-05-25 10:34:40","0%","0","0.09%","1","2.0%","22","3.5%","1,103","99.9%","56.7%","625","22","723","0.36%","4","1,104"
"Memorial Day","2026-05-25 10:36:51","0%","0","0.15%","3","0.20%","4","0.64%","1,998","99.9%","31.5%","629","13","745","0.65%","13","2,001"
"Memorial Day","2026-05-25 10:39:41","0.03%","1","0.07%","2","11.3%","329","21.7%","2,899","99.9%","52.3%","1,516","334","2,255","0.38%","11","2,901"
"Memorial Day","2026-05-25 10:41:55","0.07%","1","0%","0","8.1%","115","9.9%","1,414","100%","81.9%","1,158","119","1,371","0.35%","5","1,414"
"Memorial Day","2026-05-25 10:44:02","0.03%","1","0.10%","3","16.4%","478","25.1%","2,911","99.9%","65.3%","1,901","519","2,526","0.55%","16","2,914"
"Buyer Ready","2026-05-27 09:00:00","0%","0","0.19%","1","2.3%","12","4.3%","512","99.8%","54.9%","281","13","313","0.20%","1","513"
"Buyer Ready","2026-05-27 09:00:00","0%","0","0.09%","1","5.2%","57","10.4%","1,095","99.9%","49.9%","546","57","641","0.55%","6","1,096"
"Buyer Ready","2026-05-27 09:00:00","0%","0","0%","0","1.3%","26","6.5%","1,968","100%","20.4%","401","30","502","0.66%","13","1,968"
"Buyer Ready","2026-05-27 09:00:00","0%","0","0%","0","17.9%","478","30.6%","2,677","100%","58.3%","1,560","485","2,360","0.22%","6","2,677"
"Buyer Ready","2026-05-27 10:00:00","0%","0","0.14%","2","8.5%","119","10.9%","1,403","99.9%","77.5%","1,087","119","1,211","0.36%","5","1,405"
"Buyer Ready","2026-05-27 12:00:00","0%","0","0.07%","2","16.6%","478","28.5%","2,879","99.9%","58.2%","1,677","523","1,955","0.35%","10","2,881"
"Sellers Why","2026-05-30 17:00:00","0%","0","0.20%","1","5.1%","26","7.0%","507","99.8%","73.6%","373","26","443","0.20%","1","508"
"Sellers Why","2026-05-30 17:00:00","0%","0","0.09%","1","7.9%","84","10.7%","1,064","99.9%","73.8%","785","84","1,001","0.19%","2","1,065"
"Sellers Why","2026-05-30 17:00:00","0%","0","0.10%","2","1.7%","32","4.6%","1,914","99.9%","36.1%","691","69","910","0.68%","13","1,916"
"Sellers Why","2026-05-30 17:00:00","0%","0","0.12%","3","20.7%","530","26.8%","2,561","99.9%","77.2%","1,976","1,015","3,023","0.55%","14","2,564"
"Sellers Why","2026-05-30 18:00:00","0%","0","0.14%","2","8.6%","120","10.6%","1,391","99.9%","81.0%","1,127","214","1,388","0.07%","1","1,393"
"Sellers Why","2026-05-30 20:00:00","0%","0","0.14%","4","17.7%","505","25.0%","2,846","99.9%","71.0%","2,021","1,003","2,773","0.28%","8","2,850"
"Timeline Problems","2026-06-02 14:00:00","0.05%","1","0.05%","1","0.16%","3","0.48%","1,854","99.9%","33.9%","628","14","823","0.49%","9","1,855"
"Timeline Problems","2026-06-02 14:00:00","0.04%","1","0.04%","1","0.16%","4","0.23%","2,532","100.0%","68.0%","1,721","8","2,193","0.20%","5","2,533"
"Timeline Problems","2026-06-02 14:00:00","0%","0","0.40%","2","0%","0","0%","503","99.6%","57.3%","288","0","315","0.20%","1","505"
"Timeline Problems","2026-06-02 14:00:00","0%","0","0.10%","1","0.10%","1","0.19%","1,051","99.9%","49.7%","522","2","573","0.19%","2","1,052"
"Timeline Problems","2026-06-02 15:00:00","0%","0","0.07%","1","0%","0","0%","1,389","99.9%","75.8%","1,053","0","1,146","0.50%","7","1,390"
"Timeline Problems","2026-06-02 17:00:00","0%","0","0.14%","4","0.57%","16","0.89%","2,817","99.9%","64.1%","1,805","59","1,917","0.25%","7","2,821"
"[VIP] Cold","2026-06-04 10:00:00","0.03%","1","2.4%","83","0%","0","0%","3,434","97.6%","13.5%","463","0","536","0.26%","9","3,517"
"[VIP] Cold","2026-06-04 10:00:00","0%","0","1.4%","23","0.06%","1","0.61%","1,572","98.6%","10.4%","164","1","179","0.38%","6","1,595"
"[VIP] Cold","2026-06-04 10:00:00","0%","0","1.8%","2","0.91%","1","5.3%","110","98.2%","17.3%","19","1","25","0%","0","112"
"[VIP] Cold","2026-06-04 11:00:00","0%","0","3.5%","107","0.07%","2","0.69%","2,908","96.5%","9.9%","288","2","328","0.52%","15","3,015"
"[VIP] Cold","2026-06-04 13:00:00","0.04%","2","2.3%","122","0.02%","1","0.36%","5,208","97.7%","5.3%","274","1","317","0.48%","25","5,330"
"No means yes","2026-06-05 09:00:00","0%","0","0%","0","0.20%","1","0.33%","502","100%","59.8%","300","1","324","0.20%","1","502"
"No means yes","2026-06-05 09:00:00","0%","0","0%","0","0%","0","0%","1,213","100%","48.4%","587","0","625","0.49%","6","1,213"
"No means yes","2026-06-05 09:00:00","0%","0","0.11%","2","0.27%","5","1.0%","1,854","99.9%","26.0%","482","16","611","0.38%","7","1,856"
"No means yes","2026-06-05 09:00:00","0%","0","0.18%","5","0.32%","9","0.53%","2,792","99.8%","60.5%","1,690","79","2,087","0.32%","9","2,797"
"No means yes","2026-06-05 10:00:00","0%","0","0.24%","4","0%","0","0%","1,665","99.8%","65.3%","1,088","0","1,157","0.18%","3","1,669"
"No means yes","2026-06-05 12:00:00","0%","0","0.03%","1","0.45%","14","0.98%","3,077","100.0%","46.5%","1,431","102","1,562","0.55%","17","3,078"
"[VIP] Cold 2","2026-06-06 17:00:00","0.12%","1","2.2%","19","0%","0","0%","854","97.8%","11.5%","98","0","104","0.23%","2","873"
"[VIP] Cold 2","2026-06-06 17:00:00","1.8%","1","1.7%","1","0%","0","0%","57","98.3%","22.8%","13","0","19","3.5%","2","58"
"[VIP] Cold 2","2026-06-06 17:00:00","0%","0","1.4%","4","0%","0","0%","281","98.6%","23.8%","67","0","71","0.36%","1","285"
"[VIP] Cold 2","2026-06-06 17:00:00","0%","0","2.0%","40","0.05%","1","0.36%","1,949","98.0%","14.3%","279","1","323","0.21%","4","1,989"
"[VIP] Cold 2","2026-06-06 18:00:00","0.12%","2","3.4%","59","0.12%","2","1.3%","1,663","96.6%","9.3%","154","2","174","0.36%","6","1,722"
"[VIP] Cold 2","2026-06-06 20:00:00","0.10%","3","2.0%","60","0.10%","3","1.3%","2,951","98.0%","7.6%","223","3","267","0.75%","22","3,011"
"Projects","2026-06-09 09:00:00","0%","0","0%","0","0%","0","0%","554","100%","58.7%","325","0","341","0.18%","1","554"
"Projects","2026-06-09 09:00:00","0%","0","0.08%","1","0.85%","11","1.6%","1,298","99.9%","53.5%","695","15","754","0.39%","5","1,299"
"Projects","2026-06-09 09:00:00","0%","0","0.11%","2","0.44%","8","1.3%","1,808","99.9%","33.6%","607","18","772","0.44%","8","1,810"
"Projects","2026-06-09 09:00:00","0%","0","0.23%","7","0.46%","14","0.70%","3,037","99.8%","66.2%","2,009","50","2,414","0.20%","6","3,044"
"Projects","2026-06-09 10:00:00","0.05%","1","0.22%","4","0.27%","5","0.39%","1,831","99.8%","70.8%","1,297","5","1,364","0.55%","10","1,835"
"Projects","2026-06-09 12:00:00","0%","0","0%","0","0.50%","17","1.1%","3,404","100%","46.8%","1,592","57","1,704","0.38%","13","3,404"
"Quick Ask","2026-06-11 09:37:25","0%","0","0.18%","1","0%","0","0%","551","99.8%","65.0%","358","0","387","0%","0","552"
"Quick Ask","2026-06-11 09:48:02","0%","0","0.11%","2","0.17%","3","0.51%","1,742","99.9%","34.1%","594","8","743","0.52%","9","1,744"
"Quick Ask","2026-06-11 09:50:40","0%","0","0%","0","0.24%","3","0.37%","1,236","100%","66.1%","817","3","893","0.16%","2","1,236"
"Quick Ask","2026-06-11 09:52:56","0%","0","0.20%","6","0.48%","14","0.69%","2,945","99.8%","68.9%","2,028","38","2,482","0.31%","9","2,951"
"Quick Ask","2026-06-11 09:54:40","0%","0","0.11%","2","0.11%","2","0.15%","1,798","99.9%","74.9%","1,346","2","1,461","0.33%","6","1,800"
"Quick Ask","2026-06-11 10:57:14","0.03%","1","0.12%","4","0.72%","24","1.6%","3,322","99.9%","45.5%","1,510","41","1,628","0.27%","9","3,326"
"Agent Won","2026-06-14 13:52:49","0%","0","1.6%","2","0.79%","1","2.6%","127","98.4%","29.9%","38","1","43","0.79%","1","129"
"Agent Won","2026-06-14 13:56:15","0%","0","1.6%","2","0%","0","0%","127","98.4%","11.8%","15","0","18","0%","0","129"
"Agent Won","2026-06-14 13:59:48","0%","0","1.4%","2","0%","0","0%","137","98.6%","38.7%","53","0","56","0.73%","1","139"
"Agent Won","2026-06-14 14:01:54","0%","0","1.3%","3","0%","0","0%","229","98.7%","10.5%","24","0","29","0%","0","232"
"Agent Won","2026-06-14 14:03:52","0%","0","0.36%","1","1.1%","3","3.0%","273","99.6%","36.3%","99","5","119","0.73%","2","274"
"Agent Won","2026-06-14 14:06:30","0%","0","0.72%","1","0.72%","1","10%","138","99.3%","7.2%","10","2","27","0%","0","139"
"Agent Lost","2026-06-16 09:00:00","0.14%","1","1.1%","8","0.41%","3","4.8%","737","98.9%","8.4%","62","4","102","0.41%","3","745"
"Agent Lost","2026-06-16 09:00:00","0%","0","1.1%","2","0%","0","0%","181","98.9%","24.3%","44","0","50","0%","0","183"
"Agent Lost","2026-06-16 09:00:00","0%","0","1.2%","4","0.30%","1","1.1%","338","98.8%","26.6%","90","1","99","0.59%","2","342"
"Agent Lost","2026-06-16 09:00:00","0%","0","1.5%","10","0.76%","5","1.9%","656","98.5%","39.3%","258","5","325","0.91%","6","666"
"Agent Lost","2026-06-16 10:00:00","0.24%","1","2.1%","9","0%","0","0%","410","97.9%","7.1%","29","0","31","0.49%","2","419"
"Agent Lost","2026-06-16 12:00:00","0%","0","2.0%","8","0.50%","2","6.9%","397","98.0%","7.3%","29","2","31","0%","0","405"
"Seller Objection","2026-06-18 10:15:00","0.08%","1","0.31%","4","0.46%","6","0.77%","1,307","99.7%","59.9%","783","7","853","0.77%","10","1,311"
"Seller Objection","2026-06-18 10:15:00","0%","0","0.32%","2","0.16%","1","0.26%","614","99.7%","63.0%","387","1","424","0.33%","2","616"
"Seller Objection","2026-06-18 10:15:00","0%","0","0.09%","2","0.28%","6","0.77%","2,131","99.9%","36.7%","783","12","991","0.38%","8","2,133"
"Seller Objection","2026-06-18 10:15:00","0%","0","0.31%","9","0.41%","12","0.67%","2,934","99.7%","61.2%","1,797","26","2,217","0.37%","11","2,943"
"Seller Objection","2026-06-18 11:15:00","0%","0","0.11%","2","0.12%","2","0.15%","1,738","99.9%","74.3%","1,291","2","1,353","0.23%","4","1,740"
"Seller Objection","2026-06-18 13:15:00","0.04%","1","0.07%","2","0.78%","22","1.5%","2,824","99.9%","53.3%","1,505","37","1,633","0.32%","9","2,826"
"Buyer Psych","2026-06-24 09:30:00","0%","0","0.14%","3","0.52%","11","1.5%","2,134","99.9%","33.7%","720","16","1,044","0.47%","10","2,137"
"Buyer Psych","2026-06-24 09:30:00","0%","0","0.23%","3","0.08%","1","0.15%","1,288","99.8%","53.4%","688","1","869","0.23%","3","1,291"
"Buyer Psych","2026-06-24 09:30:00","0%","0","0.31%","9","0.65%","19","1.2%","2,912","99.7%","55.5%","1,616","38","2,424","0.27%","8","2,921"
"Buyers Psych","2026-06-24 09:30:00","0%","0","0%","0","0.33%","2","0.57%","611","100%","57.0%","348","2","382","0.16%","1","611"
"Buyer Psych","2026-06-24 10:30:00","0%","0","0.47%","8","0.24%","4","0.32%","1,702","99.5%","72.4%","1,232","4","1,328","0.18%","3","1,710"
"Buyer Psych","2026-06-24 12:30:00","0%","0","0.07%","2","0.80%","22","1.6%","2,739","99.9%","49.7%","1,360","36","1,459","0.29%","8","2,741"
"Personal","2026-06-26 18:15:00","0.13%","15","3.0%","367","0.17%","20","0.82%","11,865","97.0%","20.6%","2,447","30","3,517","1.5%","177","12,232"
"Personal","2026-06-26 18:15:00","0.08%","1","0.16%","2","0.08%","1","0.15%","1,263","99.8%","54.2%","685","1","1,057","0.32%","4","1,265"
"Personal","2026-06-26 18:15:00","0.03%","1","0.28%","8","0.42%","12","0.69%","2,861","99.7%","60.8%","1,739","25","2,654","0.21%","6","2,869"
"Personal","2026-06-26 18:15:00","0%","0","0.16%","1","0%","0","0%","608","99.8%","57.4%","349","0","389","0.16%","1","609"
"Personal","2026-06-26 19:15:00","0%","0","0.30%","5","0.24%","4","0.33%","1,685","99.7%","72.6%","1,223","4","1,456","0.24%","4","1,690"
"Personal","2026-06-26 21:15:00","0%","0","0.19%","5","0.80%","21","1.5%","2,636","99.8%","53.8%","1,419","36","1,576","0.38%","10","2,641"
"Personal Mass test","2026-06-30 19:15:00","0.01%","1","3.8%","351","0.15%","13","2.8%","8,880","96.2%","5.1%","457","13","537","0.19%","17","9,231"
"July 4th","2026-07-03 13:50:46","0%","0","0.29%","5","0.86%","15","1.5%","1,745","99.7%","58.3%","1,017","15","1,114","0.29%","5","1,750"
"July 4th","2026-07-03 13:54:15","0%","0","0%","0","0%","0","0%","582","100%","58.6%","341","0","376","0.86%","5","582"
"July 4th","2026-07-03 13:57:07","0%","0","0.20%","10","0.22%","11","0.60%","5,092","99.8%","35.9%","1,830","18","2,278","1.3%","64","5,102"
"July 4th","2026-07-03 13:59:45","0%","0","0.22%","6","10.8%","293","15.9%","2,701","99.8%","68.4%","1,848","308","2,578","0.44%","12","2,707"
"July 4th","2026-07-03 14:02:30","0.06%","1","0%","0","0.12%","2","0.16%","1,618","100%","75.7%","1,225","2","1,291","0.25%","4","1,618"
"July 4th","2026-07-03 14:04:58","0.04%","1","0.16%","4","10.0%","255","18.0%","2,540","99.8%","55.7%","1,414","271","1,763","0.12%","3","2,544"
"Halfway","2026-07-07 14:20:51","0%","0","0.16%","4","11.8%","299","19.7%","2,530","99.8%","60.1%","1,520","316","2,009","0.24%","6","2,534"
"Halfway","2026-07-07 14:23:44","0%","0","0.06%","1","8.4%","136","11.0%","1,610","99.9%","77.1%","1,241","136","1,410","0.25%","4","1,611"
"Halfway","2026-07-07 14:26:19","0.04%","1","0.22%","6","19.4%","521","25.4%","2,683","99.8%","76.3%","2,048","538","3,068","0.34%","9","2,689"
"Halfway","2026-07-07 14:29:10","0.02%","1","0.14%","7","1.6%","79","4.0%","5,038","99.9%","39.1%","1,968","85","2,594","1.0%","52","5,045"
"Halfway","2026-07-07 14:31:28","0%","0","0.46%","8","4.8%","84","7.5%","1,745","99.5%","64.3%","1,122","84","1,328","0.52%","9","1,753"
"Halfway","2026-07-07 14:33:26","0%","0","0.17%","1","1.2%","7","1.9%","572","99.8%","64.9%","371","7","411","0.70%","4","573"
"Quick tip","2026-07-09 17:19:31","0%","0","0%","0","1.2%","7","1.9%","566","100%","65.5%","371","7","433","0.18%","1","566"
"Quick tip","2026-07-09 17:22:34","0.06%","1","0.36%","6","4.7%","78","7.0%","1,644","99.6%","67.7%","1,113","78","1,280","0.43%","7","1,650"
"Quick tip","2026-07-09 17:25:16","0%","0","0.14%","7","1.7%","86","4.2%","4,978","99.9%","40.7%","2,028","91","2,710","0.92%","46","4,985"
"Quick tip","2026-07-09 17:27:49","0.04%","1","0.04%","1","19.4%","518","25.4%","2,673","100.0%","76.4%","2,041","533","2,889","0.41%","11","2,674"
"Quick tip","2026-07-09 17:30:30","0%","0","0.06%","1","8.0%","128","10.2%","1,605","99.9%","78.1%","1,253","128","1,419","0.25%","4","1,606"
"Quick tip","2026-07-09 17:35:51","0.04%","1","0.04%","1","12.4%","313","19.7%","2,515","100.0%","63.1%","1,588","328","1,976","0.28%","7","2,516"
"Price","2026-07-13 16:55:14","0.02%","1","0.12%","6","1.4%","68","3.9%","4,901","99.9%","36.0%","1,766","71","2,435","1.1%","52","4,907"
"Price","2026-07-13 17:02:17","0%","0","0%","0","2.6%","14","3.8%","538","100%","68.2%","367","14","405","0.19%","1","538"
"Price","2026-07-13 17:06:35","0%","0","0.24%","4","4.5%","73","6.7%","1,638","99.8%","66.5%","1,090","77","1,208","0.37%","6","1,642"
"Price","2026-07-13 17:09:49","0%","0","0.08%","2","17.3%","439","22.2%","2,534","99.9%","77.9%","1,974","456","2,752","0.63%","16","2,536"
"Price","2026-07-13 17:14:42","0.06%","1","0%","0","7.3%","114","9.1%","1,560","100%","80%","1,248","116","1,330","0.26%","4","1,560"
"Price","2026-07-13 17:18:21","0%","0","0.13%","3","17.5%","408","25.7%","2,331","99.9%","68.1%","1,587","426","1,843","0.34%","8","2,334"
"First Impression","2026-07-16 17:44:50","0%","0","0.19%","1","0.19%","1","0.27%","534","99.8%","68.7%","367","1","406","0.19%","1","535"
"First Impression","2026-07-16 17:46:52","0.06%","1","0.37%","6","0.37%","6","0.55%","1,625","99.6%","67.2%","1,092","8","1,222","0.55%","9","1,631"
"First Impression","2026-07-16 17:48:33","0.02%","1","0.08%","4","0.12%","6","0.33%","4,846","99.9%","37.4%","1,813","15","2,315","0.74%","36","4,850"
"First Impressions","2026-07-16 17:50:21","0%","0","0.04%","1","0.48%","12","0.69%","2,510","100.0%","69.0%","1,731","30","2,177","0.16%","4","2,511"
"First Impressions","2026-07-16 17:52:07","0%","0","0.06%","1","0.13%","2","0.16%","1,549","99.9%","79.3%","1,229","2","1,299","0.39%","6","1,550"
"First Impressions","2026-07-16 17:56:32","0%","0","0.09%","2","0.86%","20","1.3%","2,320","99.9%","64.6%","1,499","49","1,655","0.56%","13","2,322"
"August prep","2026-07-20 18:04:09","0%","0","0%","0","0%","0","0%","529","100%","67.3%","356","0","397","0.57%","3","529"
"August prep","2026-07-20 18:07:19","0%","0","0.13%","2","0.26%","4","0.46%","1,564","99.9%","55.9%","874","6","939","0.70%","11","1,566"
"August prep","2026-07-20 18:08:57","0.02%","1","0.09%","4","0.11%","5","0.32%","4,602","99.9%","33.5%","1,541","8","1,943","0.65%","30","4,606"
"August prep","2026-07-20 18:10:45","0.08%","2","0.12%","3","0.56%","14","0.96%","2,501","99.9%","58.3%","1,457","31","1,879","0.48%","12","2,504"
"August prep","2026-07-20 18:12:33","0%","0","0.07%","1","0.07%","1","0.09%","1,537","99.9%","74.0%","1,137","1","1,204","0.39%","6","1,538"
"August prep","2026-07-20 18:14:08","0%","0","0.09%","2","0.96%","22","1.5%","2,298","99.9%","62.1%","1,427","52","1,581","0.26%","6","2,300"
"Honestly","2026-07-23 17:36:51","0%","0","0%","0","0%","0","0%","526","100%","66.5%","350","0","380","0.57%","3","526"
"Honestly","2026-07-23 17:39:28","0%","0","0.06%","1","0.13%","2","0.19%","1,548","99.9%","68.8%","1,065","4","1,161","0.26%","4","1,549"
"Honestly","2026-07-23 17:41:18","0.04%","2","0.04%","2","0.49%","22","1.2%","4,526","100.0%","39.8%","1,801","33","2,257","0.82%","37","4,528"
"Honestly","2026-07-23 17:43:04","0%","0","0%","0","0.40%","10","0.57%","2,481","100%","70.3%","1,745","28","2,169","0.28%","7","2,481"
"Honestly","2026-07-23 17:45:55","0%","0","0.07%","1","0.20%","3","0.24%","1,527","99.9%","80.4%","1,228","3","1,290","0.13%","2","1,528"
"Honestly","2026-07-23 17:49:47","0%","0","0.17%","4","0.66%","15","0.93%","2,282","99.8%","70.3%","1,605","44","1,761","0.26%","6","2,286"
"Around the corner","2026-07-27 17:52:12","0%","0","0%","0","0%","0","0%","523","100%","65.8%","344","0","377","0.19%","1","523"
"Around the corner","2026-07-27 17:55:11","0.07%","1","0.07%","1","0.13%","2","0.20%","1,525","99.9%","66.1%","1,008","4","1,121","0.33%","5","1,526"
"Around the corner","2026-07-27 17:56:42","0.02%","1","0.02%","1","0.07%","3","0.17%","4,377","100.0%","39.5%","1,731","5","2,155","0.64%","28","4,378"
"Around the corner","2026-07-27 17:58:22","0.08%","2","0.08%","2","0.41%","10","0.60%","2,466","99.9%","68.1%","1,680","27","2,122","0.45%","11","2,468"
"Around the corner","2026-07-27 18:00:28","0%","0","0.07%","1","0%","0","0%","1,521","99.9%","76.1%","1,158","0","1,225","0.33%","5","1,522"
"Around the corner","2026-07-27 18:02:02","0%","0","0.13%","3","0.84%","19","1.4%","2,275","99.9%","61.8%","1,406","50","1,535","0.31%","7","2,278"
"Easy tip","2026-07-30 17:02:58","0%","0","0.38%","2","0%","0","0%","518","99.6%","63.9%","331","0","368","0.19%","1","520"
"Easy tip","2026-07-30 17:05:36","0%","0","0.07%","1","0.20%","3","0.31%","1,507","99.9%","63.7%","960","6","1,038","0.27%","4","1,508"
"Easy tip","2026-07-30 17:07:23","0.02%","1","0.09%","4","0.37%","16","0.96%","4,282","99.9%","39.1%","1,674","22","2,063","0.42%","18","4,286"
"Easy tip","2026-07-30 17:09:14","0%","0","0.04%","1","0.61%","15","0.90%","2,447","100.0%","68.5%","1,675","31","2,124","0.33%","8","2,448"
"Easy tip","2026-07-30 17:10:46","0%","0","0.13%","2","0.07%","1","0.08%","1,513","99.9%","78.8%","1,193","1","1,264","0.20%","3","1,515"
"Easy tip","2026-07-30 17:16:09","0.04%","1","0.18%","4","0.62%","14","1.0%","2,259","99.8%","61.5%","1,390","44","1,528","0.35%","8","2,263"
"3 changes","2026-08-03 15:00:00","0%","0","0.07%","1","0%","0","0%","1,494","99.9%","65.6%","980","0","1,047","0.20%","3","1,495"
"3 changes","2026-08-03 15:00:00","0%","0","0%","0","0%","0","0%","4,238","100%","35.4%","1,499","0","1,769","0.57%","24","4,238"
"3 changes","2026-08-03 15:00:00","0%","0","0.04%","1","0%","0","0%","2,406","100.0%","67.1%","1,615","0","2,042","0.21%","5","2,407"
"3 Changes","2026-08-03 15:00:00","0%","0","0%","0","0%","0","0%","515","100%","65.6%","338","0","370","0%","0","515"
"3 changes","2026-08-03 16:00:00","0.07%","1","0.07%","1","0%","0","0%","1,509","99.9%","77.5%","1,169","0","1,235","0.33%","5","1,510"
"3 changes","2026-08-03 18:00:00","0%","0","0.04%","1","0%","0","0%","2,251","100.0%","59.9%","1,348","0","1,472","0.18%","4","2,252"
"SPEAR","2026-08-06 17:12:44","0%","0","0%","0","0%","0","0%","513","100%","64.9%","333","0","365","0.58%","3","513"
"SPEAR","2026-08-06 17:14:54","0.07%","1","0.07%","1","0%","0","0%","1,472","99.9%","51.8%","762","0","840","0.20%","3","1,473"
"SPEAR","2026-08-06 17:16:23","0.05%","2","0.14%","6","0%","0","0%","4,154","99.9%","35.5%","1,473","0","1,897","0.87%","36","4,160"
"SPEAR","2026-08-06 17:18:25","0%","0","0.04%","1","0%","0","0%","2,391","100.0%","57.9%","1,384","0","1,805","0.17%","4","2,392"
"SPEAR","2026-08-06 17:21:39","0%","0","0.33%","5","0%","0","0%","1,498","99.7%","76.5%","1,146","0","1,196","0.27%","4","1,503"
"SPEAR","2026-08-06 17:24:36","0%","0","0.18%","4","0%","0","0%","2,240","99.8%","60.7%","1,360","0","1,551","0.04%","1","2,244"
"Photo tax","2026-08-10 18:06:53","0%","0","0%","0","0%","0","0%","509","100%","69.0%","351","0","382","0%","0","509"
"Photo tax","2026-08-10 18:14:59","0%","0","0.14%","2","0.07%","1","0.11%","1,459","99.9%","61.6%","899","3","971","0.27%","4","1,461"
"Photo tax","2026-08-10 18:18:21","0%","0","0.12%","5","0.22%","9","0.50%","4,088","99.9%","44.0%","1,799","15","2,336","0.59%","24","4,093"
"Photo tax","2026-08-10 18:20:13","0.04%","1","0.25%","6","0.38%","9","0.51%","2,379","99.7%","74.7%","1,777","24","2,252","0.25%","6","2,385"
"Photo tax","2026-08-10 18:21:51","0%","0","0.13%","2","0.13%","2","0.17%","1,490","99.9%","78.9%","1,175","2","1,257","0.13%","2","1,492"
"Photo tax","2026-08-10 18:23:39","0%","0","0.18%","4","0.63%","14","1.0%","2,231","99.8%","61.6%","1,374","44","1,513","0.18%","4","2,235"
"First weekend","2026-08-13 14:19:10","0%","0","0.20%","1","0%","0","0%","507","99.8%","64.3%","326","0","346","0.20%","1","508"
"First weekend","2026-08-13 14:21:10","0%","0","0.07%","1","0%","0","0%","1,440","99.9%","51.4%","740","0","780","0.35%","5","1,441"
"First weekend","2026-08-13 14:22:32","0%","0","0.05%","2","0%","0","0%","4,044","100.0%","41.0%","1,660","0","1,842","0.96%","39","4,046"
"First weekend","2026-08-13 14:23:56","0%","0","0.25%","6","0%","0","0%","2,357","99.7%","66.5%","1,567","0","1,941","0.17%","4","2,363"
"First weekend","2026-08-13 14:25:16","0%","0","0.27%","4","0%","0","0%","1,483","99.7%","75.4%","1,118","0","1,164","0.20%","3","1,487"
"First weekend","2026-08-13 14:26:59","0%","0","0.09%","2","0%","0","0%","2,216","99.9%","59.6%","1,321","0","1,482","0.18%","4","2,218"
"3 week mark","2026-08-17 17:08:42","0%","0","0%","0","0.60%","3","0.88%","500","100%","68.2%","341","3","375","0.80%","4","500"
"3 week mark","2026-08-17 17:11:18","0%","0","0.14%","2","2.3%","32","3.2%","1,411","99.9%","71.2%","1,005","34","1,104","0.14%","2","1,413"
"3 week mark","2026-08-17 17:14:25","0%","0","0.08%","3","0.78%","31","1.9%","3,960","99.9%","40.2%","1,593","36","1,964","0.56%","22","3,963"
"3 week mark","2026-08-17 17:17:12","0%","0","0.18%","4","5.3%","120","6.9%","2,276","99.8%","76.6%","1,743","137","2,187","0.22%","5","2,280"
"3 week mark","2026-08-17 17:18:57","0%","0","0.20%","3","2.1%","30","2.7%","1,463","99.8%","75.9%","1,111","30","1,186","0.14%","2","1,466"
"3 week mark","2026-08-17 17:22:27","0%","0","0%","0","14.5%","315","21.9%","2,178","100%","66.0%","1,437","345","1,745","0.28%","6","2,178"
"Vacant problem","2026-08-20 17:07:37","0%","0","0%","0","0%","0","0%","496","100%","66.5%","330","0","361","0%","0","496"
"Vacant problem","2026-08-20 17:09:53","0%","0","0%","0","1%","14","1.4%","1,400","100%","70%","980","17","1,063","0.07%","1","1,400"
"Vacant problem","2026-08-20 17:12:46","0.03%","1","0.13%","5","0.26%","10","0.67%","3,897","99.9%","38.2%","1,489","15","1,779","0.44%","17","3,902"
"Vacant problem","2026-08-20 17:14:40","0.04%","1","0.04%","1","1.2%","27","1.5%","2,266","100.0%","78.0%","1,768","44","2,114","0.09%","2","2,267"
"Vacant problem","2026-08-20 17:16:44","0%","0","0.07%","1","0.41%","6","0.53%","1,454","99.9%","77.9%","1,133","6","1,186","0.07%","1","1,455"
"Vacant problem","2026-08-20 17:21:57","0%","0","0.05%","1","11.0%","238","17.6%","2,166","100.0%","62.3%","1,349","254","1,628","0.09%","2","2,167"
"Sunday no show","2026-08-24 18:02:28","0%","0","0%","0","0.40%","2","0.59%","496","100%","68.8%","341","3","385","0.60%","3","496"
"Sunday no show","2026-08-24 18:04:44","0%","0","0.07%","1","1.4%","20","2.0%","1,387","99.9%","70.8%","982","23","1,089","0.22%","3","1,388"
"Sunday no show","2026-08-24 18:06:26","0.03%","1","0.16%","6","0.62%","24","1.5%","3,846","99.8%","43.0%","1,654","31","2,083","0.57%","22","3,852"
"Sunday no show","2026-08-24 18:12:36","0%","0","0.13%","3","1.4%","31","1.7%","2,262","99.9%","81.2%","1,836","47","2,265","0.18%","4","2,265"
"Sunday no show","2026-08-24 18:14:43","0%","0","0.21%","3","0.28%","4","0.34%","1,450","99.8%","80.8%","1,172","4","1,241","0%","0","1,453"
"Sunday no show","2026-08-24 18:21:11","0%","0","0.09%","2","11.5%","247","17.7%","2,157","99.9%","64.6%","1,394","263","1,722","0.14%","3","2,159"
"Simple ask","2026-08-27 17:18:35","0%","0","0%","0","0%","0","0%","493","100%","67.3%","332","0","357","0.20%","1","493"
"Simple ask","2026-08-27 17:20:33","0%","0","0%","0","1.1%","15","1.5%","1,377","100%","70.3%","968","17","1,055","0.29%","4","1,377"
"Simple ask","2026-08-27 17:26:11","0.03%","1","0.05%","2","0.29%","11","0.74%","3,787","99.9%","39.5%","1,495","18","1,783","0.32%","12","3,789"
"Simple ask","2026-08-27 17:29:12","0.04%","1","0%","0","1.2%","28","1.6%","2,252","100%","79.3%","1,786","44","2,083","0.22%","5","2,252"
"Simple ask","2026-08-27 17:31:26","0%","0","0.28%","4","0.41%","6","0.52%","1,446","99.7%","80.1%","1,158","6","1,207","0.14%","2","1,450"
"Simple ask","2026-08-27 17:33:07","0%","0","0.19%","4","11.2%","241","17.8%","2,150","99.8%","62.9%","1,352","256","1,628","0.19%","4","2,154"